customer_id,first_name,last_name,email,address,district,city,country,postal_code,phone,activebool,create_date,active
524,Jared,Ely,jared.ely@sakilacustomer.org,1003 Qinhuangdao Street,West Java,Purwakarta,Indonesia,25972.0,35533100000.0,t,2006-02-14,1
1,Mary,Smith,mary.smith@sakilacustomer.org,1913 Hanoi Way,Nagasaki,Sasebo,Japan,35200.0,28303400000.0,t,2006-02-14,1
2,Patricia,Johnson,patricia.johnson@sakilacustomer.org,1121 Loja Avenue,California,San Bernardino,United States,17886.0,838635000000.0,t,2006-02-14,1
3,Linda,Williams,linda.williams@sakilacustomer.org,692 Joliet Street,Attika,Athenai,Greece,83579.0,448477000000.0,t,2006-02-14,1
4,Barbara,Jones,barbara.jones@sakilacustomer.org,1566 Inegl Manor,Mandalay,Myingyan,Myanmar,53561.0,705814000000.0,t,2006-02-14,1
5,Elizabeth,Brown,elizabeth.brown@sakilacustomer.org,53 Idfu Parkway,Nantou,Nantou,Taiwan,42399.0,10655600000.0,t,2006-02-14,1
6,Jennifer,Davis,jennifer.davis@sakilacustomer.org,1795 Santiago de Compostela Way,Texas,Laredo,United States,18743.0,860453000000.0,t,2006-02-14,1
7,Maria,Miller,maria.miller@sakilacustomer.org,900 Santiago de Compostela Parkway,Central Serbia,Kragujevac,Yugoslavia,93896.0,716571000000.0,t,2006-02-14,1
8,Susan,Wilson,susan.wilson@sakilacustomer.org,478 Joliet Way,Hamilton,Hamilton,New Zealand,77948.0,657282000000.0,t,2006-02-14,1
9,Margaret,Moore,margaret.moore@sakilacustomer.org,613 Korolev Drive,Masqat,Masqat,Oman,45844.0,380658000000.0,t,2006-02-14,1
10,Dorothy,Taylor,dorothy.taylor@sakilacustomer.org,1531 Sal Drive,Esfahan,Esfahan,Iran,53628.0,648857000000.0,t,2006-02-14,1
11,Lisa,Anderson,lisa.anderson@sakilacustomer.org,1542 Tarlac Parkway,Kanagawa,Sagamihara,Japan,1027.0,635297000000.0,t,2006-02-14,1
12,Nancy,Thomas,nancy.thomas@sakilacustomer.org,808 Bhopal Manor,Haryana,Yamuna Nagar,India,10672.0,465888000000.0,t,2006-02-14,1
13,Karen,Jackson,karen.jackson@sakilacustomer.org,270 Amroha Parkway,Osmaniye,Osmaniye,Turkey,29610.0,695480000000.0,t,2006-02-14,1
14,Betty,White,betty.white@sakilacustomer.org,770 Bydgoszcz Avenue,California,Citrus Heights,United States,16266.0,517338000000.0,t,2006-02-14,1
15,Helen,Harris,helen.harris@sakilacustomer.org,419 Iligan Lane,Madhya Pradesh,Bhopal,India,72878.0,990911000000.0,t,2006-02-14,1
16,Sandra,Martin,sandra.martin@sakilacustomer.org,360 Toulouse Parkway,England,Southend-on-Sea,United Kingdom,54308.0,949312000000.0,t,2006-02-14,0
17,Donna,Thompson,donna.thompson@sakilacustomer.org,270 Toulon Boulevard,Kalmykia,Elista,Russian Federation,81766.0,407752000000.0,t,2006-02-14,1
18,Carol,Garcia,carol.garcia@sakilacustomer.org,320 Brest Avenue,Kaduna,Kaduna,Nigeria,43331.0,747792000000.0,t,2006-02-14,1
19,Ruth,Martinez,ruth.martinez@sakilacustomer.org,1417 Lancaster Avenue,Northern Cape,Kimberley,South Africa,72192.0,272572000000.0,t,2006-02-14,1
20,Sharon,Robinson,sharon.robinson@sakilacustomer.org,1688 Okara Way,Nothwest Border Prov,Mardan,Pakistan,21954.0,144454000000.0,t,2006-02-14,1
21,Michelle,Clark,michelle.clark@sakilacustomer.org,262 A Corua (La Corua) Parkway,Dhaka,Tangail,Bangladesh,34418.0,892776000000.0,t,2006-02-14,1
22,Laura,Rodriguez,laura.rodriguez@sakilacustomer.org,28 Charlotte Amalie Street,Rabat-Sal-Zammour-Z,Sal,Morocco,37551.0,161968000000.0,t,2006-02-14,1
23,Sarah,Lewis,sarah.lewis@sakilacustomer.org,1780 Hino Boulevard,Liepaja,Liepaja,Latvia,7716.0,902731000000.0,t,2006-02-14,1
24,Kimberly,Lee,kimberly.lee@sakilacustomer.org,96 Tafuna Way,Crdoba,Crdoba,Argentina,99865.0,934730000000.0,t,2006-02-14,1
25,Deborah,Walker,deborah.walker@sakilacustomer.org,934 San Felipe de Puerto Plata Street,Sind,Shikarpur,Pakistan,99780.0,196496000000.0,t,2006-02-14,1
26,Jessica,Hall,jessica.hall@sakilacustomer.org,18 Duisburg Boulevard,"""""""""""""",Citt del Vaticano,Holy See (Vatican City State),58327.0,998010000000.0,t,2006-02-14,1
27,Shirley,Allen,shirley.allen@sakilacustomer.org,217 Botshabelo Place,Southern Mindanao,Davao,Philippines,49521.0,665357000000.0,t,2006-02-14,1
28,Cynthia,Young,cynthia.young@sakilacustomer.org,1425 Shikarpur Manor,Bihar,Munger (Monghyr),India,65599.0,678221000000.0,t,2006-02-14,1
29,Angela,Hernandez,angela.hernandez@sakilacustomer.org,786 Aurora Avenue,Yamaguchi,Shimonoseki,Japan,65750.0,18461900000.0,t,2006-02-14,1
30,Melissa,King,melissa.king@sakilacustomer.org,1668 Anpolis Street,Taipei,Lungtan,Taiwan,50199.0,525256000000.0,t,2006-02-14,1
31,Brenda,Wright,brenda.wright@sakilacustomer.org,33 Gorontalo Way,West Bengali,Kamarhati,India,30348.0,745995000000.0,t,2006-02-14,1
32,Amy,Lopez,amy.lopez@sakilacustomer.org,176 Mandaluyong Place,Uttar Pradesh,Jhansi,India,65213.0,627706000000.0,t,2006-02-14,1
33,Anna,Hill,anna.hill@sakilacustomer.org,127 Purnea (Purnia) Manor,Piemonte,Alessandria,Italy,79388.0,911872000000.0,t,2006-02-14,1
34,Rebecca,Scott,rebecca.scott@sakilacustomer.org,61 Tama Street,Okayama,Kurashiki,Japan,94065.0,708403000000.0,t,2006-02-14,1
35,Virginia,Green,virginia.green@sakilacustomer.org,391 Callao Drive,Midi-Pyrnes,Toulouse,France,34021.0,440512000000.0,t,2006-02-14,1
36,Kathleen,Adams,kathleen.adams@sakilacustomer.org,334 Munger (Monghyr) Lane,Markazi,Arak,Iran,38145.0,481183000000.0,t,2006-02-14,1
37,Pamela,Baker,pamela.baker@sakilacustomer.org,1440 Fukuyama Loop,Henan,Nanyang,China,47929.0,912257000000.0,t,2006-02-14,1
38,Martha,Gonzalez,martha.gonzalez@sakilacustomer.org,269 Cam Ranh Parkway,Chisinau,Chisinau,Moldova,34689.0,489784000000.0,t,2006-02-14,1
39,Debra,Nelson,debra.nelson@sakilacustomer.org,306 Antofagasta Place,Esprito Santo,Vila Velha,Brazil,3989.0,378319000000.0,t,2006-02-14,1
40,Amanda,Carter,amanda.carter@sakilacustomer.org,671 Graz Street,Oriental,Nador,Morocco,94399.0,680769000000.0,t,2006-02-14,1
41,Stephanie,Mitchell,stephanie.mitchell@sakilacustomer.org,42 Brindisi Place,Yerevan,Yerevan,Armenia,16744.0,42384700000.0,t,2006-02-14,1
42,Carolyn,Perez,carolyn.perez@sakilacustomer.org,1632 Bislig Avenue,Nonthaburi,Pak Kret,Thailand,61117.0,471676000000.0,t,2006-02-14,1
43,Christine,Roberts,christine.roberts@sakilacustomer.org,1447 Imus Way,Tahiti,Faaa,French Polynesia,48942.0,539758000000.0,t,2006-02-14,1
44,Marie,Turner,marie.turner@sakilacustomer.org,1998 Halifax Drive,Lipetsk,Lipetsk,Russian Federation,76022.0,177728000000.0,t,2006-02-14,1
45,Janet,Phillips,janet.phillips@sakilacustomer.org,1718 Valencia Street,Antofagasta,Antofagasta,Chile,37359.0,675293000000.0,t,2006-02-14,1
46,Catherine,Campbell,catherine.campbell@sakilacustomer.org,46 Pjatigorsk Lane,Moscow (City),Moscow,Russian Federation,23616.0,262077000000.0,t,2006-02-14,1
47,Frances,Parker,frances.parker@sakilacustomer.org,686 Garland Manor,Cear,Juazeiro do Norte,Brazil,52535.0,69493400000.0,t,2006-02-14,1
48,Ann,Evans,ann.evans@sakilacustomer.org,909 Garland Manor,Tatarstan,Niznekamsk,Russian Federation,69367.0,705800000000.0,t,2006-02-14,1
49,Joyce,Edwards,joyce.edwards@sakilacustomer.org,725 Isesaki Place,Mekka,Jedda,Saudi Arabia,74428.0,876295000000.0,t,2006-02-14,1
50,Diane,Collins,diane.collins@sakilacustomer.org,115 Hidalgo Parkway,Khartum,Omdurman,Sudan,80168.0,307704000000.0,t,2006-02-14,1
51,Alice,Stewart,alice.stewart@sakilacustomer.org,1135 Izumisano Parkway,California,Fontana,United States,48150.0,171823000000.0,t,2006-02-14,1
52,Julie,Sanchez,julie.sanchez@sakilacustomer.org,939 Probolinggo Loop,Galicia,A Corua (La Corua),Spain,4166.0,680428000000.0,t,2006-02-14,1
53,Heather,Morris,heather.morris@sakilacustomer.org,17 Kabul Boulevard,Chiba,Nagareyama,Japan,38594.0,697761000000.0,t,2006-02-14,1
54,Teresa,Rogers,teresa.rogers@sakilacustomer.org,1964 Allappuzha (Alleppey) Street,Yamaguchi,Iwakuni,Japan,48980.0,920811000000.0,t,2006-02-14,1
55,Doris,Reed,doris.reed@sakilacustomer.org,1697 Kowloon and New Kowloon Loop,Moskova,Balaiha,Russian Federation,57807.0,499352000000.0,t,2006-02-14,1
56,Gloria,Cook,gloria.cook@sakilacustomer.org,1668 Saint Louis Place,Tahiti,Papeete,French Polynesia,39072.0,347488000000.0,t,2006-02-14,1
57,Evelyn,Morgan,evelyn.morgan@sakilacustomer.org,943 Tokat Street,Vaduz,Vaduz,Liechtenstein,45428.0,889319000000.0,t,2006-02-14,1
58,Jean,Bell,jean.bell@sakilacustomer.org,1114 Liepaja Street,Sarawak,Kuching,Malaysia,69226.0,212869000000.0,t,2006-02-14,1
59,Cheryl,Murphy,cheryl.murphy@sakilacustomer.org,1213 Ranchi Parkway,Karnataka,Mysore,India,94352.0,800024000000.0,t,2006-02-14,1
60,Mildred,Bailey,mildred.bailey@sakilacustomer.org,81 Hodeida Way,Rajasthan,Jaipur,India,55561.0,250768000000.0,t,2006-02-14,1
61,Katherine,Rivera,katherine.rivera@sakilacustomer.org,915 Ponce Place,Basel-Stadt,Basel,Switzerland,83980.0,1395250000.0,t,2006-02-14,1
62,Joan,Cooper,joan.cooper@sakilacustomer.org,1717 Guadalajara Lane,Missouri,Saint Louis,United States,85505.0,914090000000.0,t,2006-02-14,1
63,Ashley,Richardson,ashley.richardson@sakilacustomer.org,1214 Hanoi Way,Nebraska,Lincoln,United States,67055.0,491001000000.0,t,2006-02-14,1
64,Judith,Cox,judith.cox@sakilacustomer.org,1966 Amroha Avenue,Sichuan,Daxian,China,70385.0,333489000000.0,t,2006-02-14,0
65,Rose,Howard,rose.howard@sakilacustomer.org,698 Otsu Street,Cayenne,Cayenne,French Guiana,71110.0,409984000000.0,t,2006-02-14,1
66,Janice,Ward,janice.ward@sakilacustomer.org,1150 Kimchon Manor,Skne ln,Malm,Sweden,96109.0,663449000000.0,t,2006-02-14,1
67,Kelly,Torres,kelly.torres@sakilacustomer.org,1586 Guaruj Place,Hunan,Xiangtan,China,5135.0,947233000000.0,t,2006-02-14,1
68,Nicole,Peterson,nicole.peterson@sakilacustomer.org,57 Arlington Manor,Madhya Pradesh,Shivapuri,India,48960.0,990214000000.0,t,2006-02-14,1
69,Judy,Gray,judy.gray@sakilacustomer.org,1031 Daugavpils Parkway,Bchar,Bchar,Algeria,59025.0,107137000000.0,t,2006-02-14,1
70,Christina,Ramirez,christina.ramirez@sakilacustomer.org,1124 Buenaventura Drive,Mekka,al-Hawiya,Saudi Arabia,6856.0,407734000000.0,t,2006-02-14,1
71,Kathy,James,kathy.james@sakilacustomer.org,492 Cam Ranh Street,Eastern Visayas,Baybay,Philippines,50805.0,565018000000.0,t,2006-02-14,1
72,Theresa,Watson,theresa.watson@sakilacustomer.org,89 Allappuzha (Alleppey) Manor,National Capital Reg,Taguig,Philippines,75444.0,255800000000.0,t,2006-02-14,1
73,Beverly,Brooks,beverly.brooks@sakilacustomer.org,1947 Poos de Caldas Boulevard,Chiayi,Chiayi,Taiwan,60951.0,427454000000.0,t,2006-02-14,1
74,Denise,Kelly,denise.kelly@sakilacustomer.org,1206 Dos Quebradas Place,So Paulo,Rio Claro,Brazil,20207.0,241833000000.0,t,2006-02-14,1
75,Tammy,Sanders,tammy.sanders@sakilacustomer.org,1551 Rampur Lane,Changhwa,Changhwa,Taiwan,72394.0,251164000000.0,t,2006-02-14,1
76,Irene,Price,irene.price@sakilacustomer.org,602 Paarl Street,Pavlodar,Pavlodar,Kazakstan,98889.0,896315000000.0,t,2006-02-14,1
77,Jane,Bennett,jane.bennett@sakilacustomer.org,1692 Ede Loop,So Paulo,Araatuba,Brazil,9223.0,918711000000.0,t,2006-02-14,1
78,Lori,Wood,lori.wood@sakilacustomer.org,936 Salzburg Lane,Uttar Pradesh,Rae Bareli,India,96709.0,875757000000.0,t,2006-02-14,1
79,Rachel,Barnes,rachel.barnes@sakilacustomer.org,586 Tete Way,Kanagawa,Kamakura,Japan,1079.0,18581600000.0,t,2006-02-14,1
80,Marilyn,Ross,marilyn.ross@sakilacustomer.org,1888 Kabul Drive,Oyo & Osun,Ife,Nigeria,20936.0,701457000000.0,t,2006-02-14,1
81,Andrea,Henderson,andrea.henderson@sakilacustomer.org,320 Baiyin Parkway,Mahajanga,Mahajanga,Madagascar,37307.0,223665000000.0,t,2006-02-14,1
82,Kathryn,Coleman,kathryn.coleman@sakilacustomer.org,927 Baha Blanca Parkway,Krim,Simferopol,Ukraine,9495.0,821972000000.0,t,2006-02-14,1
83,Louise,Jenkins,louise.jenkins@sakilacustomer.org,929 Tallahassee Loop,Gauteng,Springs,South Africa,74671.0,800717000000.0,t,2006-02-14,1
84,Sara,Perry,sara.perry@sakilacustomer.org,125 Citt del Vaticano Boulevard,Puebla,Atlixco,Mexico,67912.0,48417600000.0,t,2006-02-14,1
85,Anne,Powell,anne.powell@sakilacustomer.org,1557 Ktahya Boulevard,England,Bradford,United Kingdom,88002.0,720998000000.0,t,2006-02-14,1
86,Jacqueline,Long,jacqueline.long@sakilacustomer.org,870 Ashqelon Loop,Songkhla,Songkhla,Thailand,84931.0,135117000000.0,t,2006-02-14,1
87,Wanda,Patterson,wanda.patterson@sakilacustomer.org,1740 Portoviejo Avenue,Sucre,Sincelejo,Colombia,29932.0,198123000000.0,t,2006-02-14,1
88,Bonnie,Hughes,bonnie.hughes@sakilacustomer.org,1942 Ciparay Parkway,Cheju,Cheju,South Korea,82624.0,978987000000.0,t,2006-02-14,1
89,Julia,Flores,julia.flores@sakilacustomer.org,1926 El Alto Avenue,Buenos Aires,La Plata,Argentina,75543.0,846225000000.0,t,2006-02-14,1
90,Ruby,Washington,ruby.washington@sakilacustomer.org,1952 Chatsworth Drive,Guangdong,Meixian,China,25958.0,991562000000.0,t,2006-02-14,1
91,Lois,Butler,lois.butler@sakilacustomer.org,1370 Le Mans Avenue,Brunei and Muara,Bandar Seri Begawan,Brunei,52163.0,345680000000.0,t,2006-02-14,1
92,Tina,Simmons,tina.simmons@sakilacustomer.org,984 Effon-Alaiye Avenue,Gois,Goinia,Brazil,17119.0,132987000000.0,t,2006-02-14,1
93,Phyllis,Foster,phyllis.foster@sakilacustomer.org,832 Nakhon Sawan Manor,Inner Mongolia,Zalantun,China,49021.0,275596000000.0,t,2006-02-14,1
94,Norma,Gonzales,norma.gonzales@sakilacustomer.org,152 Kitwe Parkway,Caraga,Bislig,Philippines,53182.0,835434000000.0,t,2006-02-14,1
95,Paula,Bryant,paula.bryant@sakilacustomer.org,1697 Tanauan Lane,Punjab,Pathankot,India,22870.0,4764770000.0,t,2006-02-14,1
96,Diana,Alexander,diana.alexander@sakilacustomer.org,1308 Arecibo Way,Georgia,Augusta-Richmond County,United States,30695.0,6171050000.0,t,2006-02-14,1
97,Annie,Russell,annie.russell@sakilacustomer.org,1599 Plock Drive,Tete,Tete,Mozambique,71986.0,817249000000.0,t,2006-02-14,1
98,Lillian,Griffin,lillian.griffin@sakilacustomer.org,669 Firozabad Loop,Abu Dhabi,al-Ayn,United Arab Emirates,92265.0,412903000000.0,t,2006-02-14,1
99,Emily,Diaz,emily.diaz@sakilacustomer.org,588 Vila Velha Manor,Kyongsangbuk,Kimchon,South Korea,51540.0,333340000000.0,t,2006-02-14,1
100,Robin,Hayes,robin.hayes@sakilacustomer.org,1913 Kamakura Place,Lipetsk,Jelets,Russian Federation,97287.0,942571000000.0,t,2006-02-14,1
101,Peggy,Myers,peggy.myers@sakilacustomer.org,733 Mandaluyong Place,Asir,Abha,Saudi Arabia,77459.0,196568000000.0,t,2006-02-14,1
102,Crystal,Ford,crystal.ford@sakilacustomer.org,659 Vaduz Drive,Ha Darom,Ashdod,Israel,49708.0,709935000000.0,t,2006-02-14,1
103,Gladys,Hamilton,gladys.hamilton@sakilacustomer.org,1177 Jelets Way,Kwara & Kogi,Ilorin,Nigeria,3305.0,484293000000.0,t,2006-02-14,1
104,Rita,Graham,rita.graham@sakilacustomer.org,1386 Yangor Avenue,Provence-Alpes-Cte,Toulon,France,80720.0,449216000000.0,t,2006-02-14,1
105,Dawn,Sullivan,dawn.sullivan@sakilacustomer.org,454 Nakhon Sawan Boulevard,Funafuti,Funafuti,Tuvalu,76383.0,963887000000.0,t,2006-02-14,1
106,Connie,Wallace,connie.wallace@sakilacustomer.org,1867 San Juan Bautista Tuxtepec Avenue,Ivanovo,Ivanovo,Russian Federation,78311.0,547003000000.0,t,2006-02-14,1
107,Florence,Woods,florence.woods@sakilacustomer.org,1532 Dzerzinsk Way,Buenos Aires,Merlo,Argentina,9599.0,330838000000.0,t,2006-02-14,1
108,Tracy,Cole,tracy.cole@sakilacustomer.org,1002 Ahmadnagar Manor,Mxico,Huixquilucan,Mexico,93026.0,371491000000.0,t,2006-02-14,1
109,Edna,West,edna.west@sakilacustomer.org,682 Junan Way,North West,Klerksdorp,South Africa,30418.0,622255000000.0,t,2006-02-14,1
110,Tiffany,Jordan,tiffany.jordan@sakilacustomer.org,804 Elista Drive,Hubei,Enshi,China,61069.0,379805000000.0,t,2006-02-14,1
111,Carmen,Owens,carmen.owens@sakilacustomer.org,1378 Alvorada Avenue,Distrito Federal,Caracas,Venezuela,75834.0,272234000000.0,t,2006-02-14,1
112,Rosa,Reynolds,rosa.reynolds@sakilacustomer.org,793 Cam Ranh Avenue,California,Lancaster,United States,87057.0,824371000000.0,t,2006-02-14,1
113,Cindy,Fisher,cindy.fisher@sakilacustomer.org,1079 Tel Aviv-Jaffa Boulevard,Sucre,Cuman,Venezuela,10885.0,358179000000.0,t,2006-02-14,1
114,Grace,Ellis,grace.ellis@sakilacustomer.org,442 Rae Bareli Place,Nordrhein-Westfalen,Duisburg,Germany,24321.0,886636000000.0,t,2006-02-14,1
115,Wendy,Harrison,wendy.harrison@sakilacustomer.org,1107 Nakhon Sawan Avenue,Mxico,Nezahualcyotl,Mexico,75149.0,867547000000.0,t,2006-02-14,1
116,Victoria,Gibson,victoria.gibson@sakilacustomer.org,544 Malm Parkway,Central Java,Pemalang,Indonesia,63502.0,386760000000.0,t,2006-02-14,1
117,Edith,Mcdonald,edith.mcdonald@sakilacustomer.org,1967 Sincelejo Place,Gujarat,Gandhinagar,India,73644.0,577813000000.0,t,2006-02-14,1
118,Kim,Cruz,kim.cruz@sakilacustomer.org,333 Goinia Way,Texas,Grand Prairie,United States,78625.0,909029000000.0,t,2006-02-14,1
119,Sherry,Marshall,sherry.marshall@sakilacustomer.org,1987 Coacalco de Berriozbal Loop,al-Qalyubiya,Shubra al-Khayma,Egypt,96065.0,787654000000.0,t,2006-02-14,1
120,Sylvia,Ortiz,sylvia.ortiz@sakilacustomer.org,241 Mosul Lane,Risaralda,Dos Quebradas,Colombia,76157.0,765345000000.0,t,2006-02-14,1
121,Josephine,Gomez,josephine.gomez@sakilacustomer.org,211 Chiayi Drive,Uttar Pradesh,Etawah,India,58186.0,665994000000.0,t,2006-02-14,1
122,Thelma,Murray,thelma.murray@sakilacustomer.org,1175 Tanauan Way,Lima,Lima,Peru,64615.0,937223000000.0,t,2006-02-14,1
123,Shannon,Freeman,shannon.freeman@sakilacustomer.org,117 Boa Vista Way,Uttar Pradesh,Varanasi (Benares),India,6804.0,677976000000.0,t,2006-02-14,1
124,Sheila,Wells,sheila.wells@sakilacustomer.org,848 Tafuna Manor,Ktahya,Ktahya,Turkey,45142.0,614935000000.0,t,2006-02-14,0
125,Ethel,Webb,ethel.webb@sakilacustomer.org,569 Baicheng Lane,Gauteng,Boksburg,South Africa,60304.0,490212000000.0,t,2006-02-14,1
126,Ellen,Simpson,ellen.simpson@sakilacustomer.org,1666 Qomsheh Drive,So Paulo,Po,Brazil,66255.0,582835000000.0,t,2006-02-14,1
127,Elaine,Stevens,elaine.stevens@sakilacustomer.org,801 Hagonoy Drive,Smolensk,Smolensk,Russian Federation,8439.0,237426000000.0,t,2006-02-14,1
128,Marjorie,Tucker,marjorie.tucker@sakilacustomer.org,1050 Garden Grove Avenue,Slaskie,Jastrzebie-Zdrj,Poland,4999.0,973047000000.0,t,2006-02-14,1
129,Carrie,Porter,carrie.porter@sakilacustomer.org,1854 Tieli Street,Shandong,Liaocheng,China,15819.0,509492000000.0,t,2006-02-14,1
130,Charlotte,Hunter,charlotte.hunter@sakilacustomer.org,758 Junan Lane,Gois,guas Lindas de Gois,Brazil,82639.0,935449000000.0,t,2006-02-14,1
131,Monica,Hicks,monica.hicks@sakilacustomer.org,1752 So Leopoldo Parkway,Taka-Karpatia,Mukateve,Ukraine,14014.0,252265000000.0,t,2006-02-14,1
132,Esther,Crawford,esther.crawford@sakilacustomer.org,898 Belm Manor,Free State,Botshabelo,South Africa,49757.0,707169000000.0,t,2006-02-14,1
133,Pauline,Henry,pauline.henry@sakilacustomer.org,261 Saint Louis Way,Coahuila de Zaragoza,Torren,Mexico,83401.0,321944000000.0,t,2006-02-14,1
134,Emma,Boyd,emma.boyd@sakilacustomer.org,765 Southampton Drive,al-Qalyubiya,Qalyub,Egypt,4285.0,23712400000.0,t,2006-02-14,1
135,Juanita,Mason,juanita.mason@sakilacustomer.org,943 Johannesburg Avenue,Maharashtra,Pune,India,5892.0,90921000000.0,t,2006-02-14,1
136,Anita,Morales,anita.morales@sakilacustomer.org,788 Atinsk Street,Karnataka,Hubli-Dharwad,India,81691.0,146498000000.0,t,2006-02-14,1
137,Rhonda,Kennedy,rhonda.kennedy@sakilacustomer.org,1749 Daxian Place,Gelderland,Apeldoorn,Netherlands,11044.0,963370000000.0,t,2006-02-14,1
138,Hazel,Warren,hazel.warren@sakilacustomer.org,1587 Sullana Lane,Inner Mongolia,Hohhot,China,85769.0,468060000000.0,t,2006-02-14,1
139,Amber,Dixon,amber.dixon@sakilacustomer.org,1029 Dzerzinsk Manor,Ynlin,Touliu,Taiwan,57519.0,33173600000.0,t,2006-02-14,1
140,Eva,Ramos,eva.ramos@sakilacustomer.org,1666 Beni-Mellal Place,Tennessee,Clarksville,United States,13377.0,9099940000.0,t,2006-02-14,1
141,Debbie,Reyes,debbie.reyes@sakilacustomer.org,928 Jaffna Loop,Hiroshima,Fukuyama,Japan,93762.0,581852000000.0,t,2006-02-14,1
142,April,Burns,april.burns@sakilacustomer.org,483 Ljubertsy Parkway,Scotland,Dundee,United Kingdom,60562.0,581174000000.0,t,2006-02-14,1
143,Leslie,Gordon,leslie.gordon@sakilacustomer.org,374 Bat Yam Boulevard,Kilis,Kilis,Turkey,97700.0,923262000000.0,t,2006-02-14,1
144,Clara,Shaw,clara.shaw@sakilacustomer.org,1027 Songkhla Manor,Minsk,Molodetno,Belarus,30861.0,563660000000.0,t,2006-02-14,1
145,Lucille,Holmes,lucille.holmes@sakilacustomer.org,999 Sanaa Loop,Gauteng,Soshanguve,South Africa,3439.0,918032000000.0,t,2006-02-14,1
146,Jamie,Rice,jamie.rice@sakilacustomer.org,879 Newcastle Way,Michigan,Sterling Heights,United States,90732.0,206841000000.0,t,2006-02-14,1
147,Joanne,Robertson,joanne.robertson@sakilacustomer.org,1337 Lincoln Parkway,Saitama,Urawa,Japan,99457.0,597815000000.0,t,2006-02-14,1
148,Eleanor,Hunt,eleanor.hunt@sakilacustomer.org,1952 Pune Lane,Saint-Denis,Saint-Denis,Runion,92150.0,354615000000.0,t,2006-02-14,1
149,Valerie,Black,valerie.black@sakilacustomer.org,782 Mosul Street,Massachusetts,Brockton,United States,25545.0,885900000000.0,t,2006-02-14,1
150,Danielle,Daniels,danielle.daniels@sakilacustomer.org,781 Shimonoseki Drive,Michoacn de Ocampo,Hidalgo,Mexico,95444.0,632316000000.0,t,2006-02-14,1
151,Megan,Palmer,megan.palmer@sakilacustomer.org,1560 Jelets Boulevard,Shandong,Laiwu,China,77777.0,189446000000.0,t,2006-02-14,1
152,Alicia,Mills,alicia.mills@sakilacustomer.org,1963 Moscow Place,Assam,Nagaon,India,64863.0,761379000000.0,t,2006-02-14,1
153,Suzanne,Nichols,suzanne.nichols@sakilacustomer.org,456 Escobar Way,Jakarta Raya,Jakarta,Indonesia,36061.0,719203000000.0,t,2006-02-14,1
154,Michele,Grant,michele.grant@sakilacustomer.org,798 Cianjur Avenue,Shanxi,Yuncheng,China,76990.0,499409000000.0,t,2006-02-14,1
155,Gail,Knight,gail.knight@sakilacustomer.org,185 Novi Sad Place,Bern,Bern,Switzerland,41778.0,904254000000.0,t,2006-02-14,1
156,Bertha,Ferguson,bertha.ferguson@sakilacustomer.org,1367 Yantai Manor,Ondo & Ekiti,Ondo,Nigeria,21294.0,889538000000.0,t,2006-02-14,1
157,Darlene,Rose,darlene.rose@sakilacustomer.org,1386 Nakhon Sawan Boulevard,Pyongyang-si,Pyongyang,North Korea,53502.0,368899000000.0,t,2006-02-14,1
158,Veronica,Stone,veronica.stone@sakilacustomer.org,369 Papeete Way,North Carolina,Greensboro,United States,66639.0,170117000000.0,t,2006-02-14,1
159,Jill,Hawkins,jill.hawkins@sakilacustomer.org,1440 Compton Place,North Austria,Linz,Austria,81037.0,931060000000.0,t,2006-02-14,1
160,Erin,Dunn,erin.dunn@sakilacustomer.org,1623 Baha Blanca Manor,Moskova,Ljubertsy,Russian Federation,81511.0,149981000000.0,t,2006-02-14,1
161,Geraldine,Perkins,geraldine.perkins@sakilacustomer.org,97 Shimoga Avenue,Tel Aviv,Tel Aviv-Jaffa,Israel,44660.0,177167000000.0,t,2006-02-14,1
162,Lauren,Hudson,lauren.hudson@sakilacustomer.org,1740 Le Mans Loop,Pays de la Loire,Le Mans,France,22853.0,168477000000.0,t,2006-02-14,1
163,Cathy,Spencer,cathy.spencer@sakilacustomer.org,1287 Xiangfan Boulevard,Gifu,Kakamigahara,Japan,57844.0,819416000000.0,t,2006-02-14,1
164,Joann,Gardner,joann.gardner@sakilacustomer.org,842 Salzburg Lane,Adana,Tarsus,Turkey,3313.0,697151000000.0,t,2006-02-14,1
165,Lorraine,Stephens,lorraine.stephens@sakilacustomer.org,154 Tallahassee Loop,Xinxiang,Hami,China,62250.0,935509000000.0,t,2006-02-14,1
166,Lynn,Payne,lynn.payne@sakilacustomer.org,710 San Felipe del Progreso Avenue,Lilongwe,Lilongwe,Malawi,76901.0,843801000000.0,t,2006-02-14,1
167,Sally,Pierce,sally.pierce@sakilacustomer.org,1540 Wroclaw Drive,Maharashtra,Chandrapur,India,62686.0,182363000000.0,t,2006-02-14,1
168,Regina,Berry,regina.berry@sakilacustomer.org,475 Atinsk Way,Gansu,Jinchang,China,59571.0,201706000000.0,t,2006-02-14,1
169,Erica,Matthews,erica.matthews@sakilacustomer.org,1294 Firozabad Drive,Jiangxi,Pingxiang,China,70618.0,161802000000.0,t,2006-02-14,0
170,Beatrice,Arnold,beatrice.arnold@sakilacustomer.org,1877 Ezhou Lane,Rajasthan,Udaipur,India,63337.0,264542000000.0,t,2006-02-14,1
171,Dolores,Wagner,dolores.wagner@sakilacustomer.org,316 Uruapan Street,Perak,Ipoh,Malaysia,58194.0,275789000000.0,t,2006-02-14,1
172,Bernice,Willis,bernice.willis@sakilacustomer.org,29 Pyongyang Loop,Batman,Batman,Turkey,47753.0,734781000000.0,t,2006-02-14,1
173,Audrey,Ray,audrey.ray@sakilacustomer.org,1010 Klerksdorp Way,Steiermark,Graz,Austria,6802.0,493009000000.0,t,2006-02-14,1
174,Yvonne,Watkins,yvonne.watkins@sakilacustomer.org,1848 Salala Boulevard,Miranda,Ocumare del Tuy,Venezuela,25220.0,48265900000.0,t,2006-02-14,1
175,Annette,Olson,annette.olson@sakilacustomer.org,431 Xiangtan Avenue,Kerala,Allappuzha (Alleppey),India,4854.0,230251000000.0,t,2006-02-14,1
176,June,Carroll,june.carroll@sakilacustomer.org,757 Rustenburg Avenue,Skikda,Skikda,Algeria,89668.0,506134000000.0,t,2006-02-14,1
177,Samantha,Duncan,samantha.duncan@sakilacustomer.org,146 Johannesburg Way,Tamaulipas,Matamoros,Mexico,54132.0,953689000000.0,t,2006-02-14,1
178,Marion,Snyder,marion.snyder@sakilacustomer.org,1891 Rizhao Boulevard,So Paulo,Santa Brbara dOeste,Brazil,47288.0,391066000000.0,t,2006-02-14,1
179,Dana,Hart,dana.hart@sakilacustomer.org,1089 Iwatsuki Avenue,Kirov,Kirovo-Tepetsk,Russian Federation,35109.0,866092000000.0,t,2006-02-14,1
180,Stacy,Cunningham,stacy.cunningham@sakilacustomer.org,1410 Benin City Parkway,Risaralda,Pereira,Colombia,29747.0,104150000000.0,t,2006-02-14,1
181,Ana,Bradley,ana.bradley@sakilacustomer.org,682 Garden Grove Place,Tennessee,Memphis,United States,67497.0,72136300000.0,t,2006-02-14,1
182,Renee,Lane,renee.lane@sakilacustomer.org,533 al-Ayn Boulevard,California,Compton,United States,8862.0,662228000000.0,t,2006-02-14,1
183,Ida,Andrews,ida.andrews@sakilacustomer.org,1839 Szkesfehrvr Parkway,Gois,Luzinia,Brazil,55709.0,947469000000.0,t,2006-02-14,1
184,Vivian,Ruiz,vivian.ruiz@sakilacustomer.org,741 Ambattur Manor,Noord-Brabant,s-Hertogenbosch,Netherlands,43310.0,302590000000.0,t,2006-02-14,1
185,Roberta,Harper,roberta.harper@sakilacustomer.org,927 Barcelona Street,Chaharmahal va Bakht,Shahr-e Kord,Iran,65121.0,951487000000.0,t,2006-02-14,1
186,Holly,Fox,holly.fox@sakilacustomer.org,435 0 Way,West Bengali,Haldia,India,74750.0,760172000000.0,t,2006-02-14,1
187,Brittany,Riley,brittany.riley@sakilacustomer.org,140 Chiayi Parkway,Sumy,Sumy,Ukraine,38982.0,855864000000.0,t,2006-02-14,1
188,Melanie,Armstrong,melanie.armstrong@sakilacustomer.org,1166 Changhwa Street,Caraga,Bayugan,Philippines,58852.0,650752000000.0,t,2006-02-14,1
189,Loretta,Carpenter,loretta.carpenter@sakilacustomer.org,891 Novi Sad Manor,Ontario,Oshawa,Canada,5379.0,247647000000.0,t,2006-02-14,1
190,Yolanda,Weaver,yolanda.weaver@sakilacustomer.org,605 Rio Claro Parkway,Tabora,Tabora,Tanzania,49348.0,352469000000.0,t,2006-02-14,1
191,Jeanette,Greene,jeanette.greene@sakilacustomer.org,1077 San Felipe de Puerto Plata Place,Rostov-na-Donu,Novoterkassk,Russian Federation,65387.0,812824000000.0,t,2006-02-14,1
192,Laurie,Lawrence,laurie.lawrence@sakilacustomer.org,9 San Miguel de Tucumn Manor,Uttar Pradesh,Firozabad,India,90845.0,956189000000.0,t,2006-02-14,1
193,Katie,Elliott,katie.elliott@sakilacustomer.org,447 Surakarta Loop,Nyanza,Kisumu,Kenya,10428.0,940830000000.0,t,2006-02-14,1
194,Kristen,Chavez,kristen.chavez@sakilacustomer.org,345 Oshawa Boulevard,Tokyo-to,Hino,Japan,32114.0,104491000000.0,t,2006-02-14,1
195,Vanessa,Sims,vanessa.sims@sakilacustomer.org,1792 Valle de la Pascua Place,Nordrhein-Westfalen,Siegen,Germany,15540.0,419420000000.0,t,2006-02-14,1
196,Alma,Austin,alma.austin@sakilacustomer.org,1074 Binzhou Manor,Baden-Wrttemberg,Mannheim,Germany,36490.0,331133000000.0,t,2006-02-14,1
197,Sue,Peters,sue.peters@sakilacustomer.org,817 Bradford Loop,Jiangsu,Changzhou,China,89459.0,264286000000.0,t,2006-02-14,1
198,Elsie,Kelley,elsie.kelley@sakilacustomer.org,955 Bamenda Way,Ondo & Ekiti,Ikerre,Nigeria,1545.0,768482000000.0,t,2006-02-14,1
199,Beth,Franklin,beth.franklin@sakilacustomer.org,1149 A Corua (La Corua) Boulevard,Haiphong,Haiphong,Vietnam,95824.0,470884000000.0,t,2006-02-14,1
200,Jeanne,Lawson,jeanne.lawson@sakilacustomer.org,387 Mwene-Ditu Drive,Ahal,Ashgabat,Turkmenistan,8073.0,764478000000.0,t,2006-02-14,1
201,Vicki,Fields,vicki.fields@sakilacustomer.org,68 Molodetno Manor,Nordrhein-Westfalen,Witten,Germany,4662.0,146641000000.0,t,2006-02-14,1
202,Carla,Gutierrez,carla.gutierrez@sakilacustomer.org,642 Nador Drive,Maharashtra,Bhusawal,India,3924.0,369050000000.0,t,2006-02-14,1
203,Tara,Ryan,tara.ryan@sakilacustomer.org,1688 Nador Lane,Sulawesi Utara,Gorontalo,Indonesia,61613.0,652218000000.0,t,2006-02-14,1
204,Rosemary,Schmidt,rosemary.schmidt@sakilacustomer.org,1215 Pyongyang Parkway,Usak,Usak,Turkey,25238.0,646237000000.0,t,2006-02-14,1
205,Eileen,Carr,eileen.carr@sakilacustomer.org,1679 Antofagasta Street,Alto Paran,Ciudad del Este,Paraguay,86599.0,905904000000.0,t,2006-02-14,1
206,Terri,Vasquez,terri.vasquez@sakilacustomer.org,1304 s-Hertogenbosch Way,Santa Catarina,Blumenau,Brazil,10925.0,90336200000.0,t,2006-02-14,1
207,Gertrude,Castillo,gertrude.castillo@sakilacustomer.org,850 Salala Loop,Kitaa,Nuuk,Greenland,10800.0,403405000000.0,t,2006-02-14,1
208,Lucy,Wheeler,lucy.wheeler@sakilacustomer.org,624 Oshawa Boulevard,West Bengali,Balurghat,India,89959.0,49677700000.0,t,2006-02-14,1
209,Tonya,Chapman,tonya.chapman@sakilacustomer.org,43 Dadu Avenue,Rajasthan,Bhilwara,India,4855.0,95667000000.0,t,2006-02-14,1
210,Ella,Oliver,ella.oliver@sakilacustomer.org,751 Lima Loop,Aden,Aden,Yemen,99405.0,756460000000.0,t,2006-02-14,1
211,Stacey,Montgomery,stacey.montgomery@sakilacustomer.org,1333 Haldia Street,Jilin,Fuyu,China,82161.0,408304000000.0,t,2006-02-14,1
212,Wilma,Richards,wilma.richards@sakilacustomer.org,660 Jedda Boulevard,Washington,Bellevue,United States,25053.0,168758000000.0,t,2006-02-14,1
213,Gina,Williamson,gina.williamson@sakilacustomer.org,1001 Miyakonojo Lane,Taizz,Taizz,Yemen,67924.0,584317000000.0,t,2006-02-14,1
214,Kristin,Johnston,kristin.johnston@sakilacustomer.org,226 Brest Manor,California,Sunnyvale,United States,2299.0,785881000000.0,t,2006-02-14,1
215,Jessie,Banks,jessie.banks@sakilacustomer.org,1229 Valencia Parkway,Haskovo,Stara Zagora,Bulgaria,99124.0,352679000000.0,t,2006-02-14,1
216,Natalie,Meyer,natalie.meyer@sakilacustomer.org,1201 Qomsheh Manor,Gois,Aparecida de Goinia,Brazil,21464.0,873492000000.0,t,2006-02-14,1
217,Agnes,Bishop,agnes.bishop@sakilacustomer.org,866 Shivapuri Manor,Uttar Pradesh,Sambhal,India,22474.0,778503000000.0,t,2006-02-14,1
218,Vera,Mccoy,vera.mccoy@sakilacustomer.org,1168 Najafabad Parkway,Kabol,Kabul,Afghanistan,40301.0,886649000000.0,t,2006-02-14,1
219,Willie,Howell,willie.howell@sakilacustomer.org,1244 Allappuzha (Alleppey) Place,Buenos Aires,Vicente Lpez,Argentina,20657.0,991803000000.0,t,2006-02-14,1
220,Charlene,Alvarez,charlene.alvarez@sakilacustomer.org,1842 Luzinia Boulevard,Zanzibar West,Zanzibar,Tanzania,94420.0,706879000000.0,t,2006-02-14,1
221,Bessie,Morrison,bessie.morrison@sakilacustomer.org,1926 Gingoog Street,Sisilia,Syrakusa,Italy,22824.0,469739000000.0,t,2006-02-14,1
222,Delores,Hansen,delores.hansen@sakilacustomer.org,810 Palghat (Palakkad) Boulevard,Jaroslavl,Jaroslavl,Russian Federation,73431.0,516331000000.0,t,2006-02-14,1
223,Melinda,Fernandez,melinda.fernandez@sakilacustomer.org,1820 Maring Parkway,Punjab,Mandi Bahauddin,Pakistan,88307.0,99760900000.0,t,2006-02-14,1
224,Pearl,Garza,pearl.garza@sakilacustomer.org,60 Poos de Caldas Street,Rajasthan,Jodhpur,India,82338.0,963064000000.0,t,2006-02-14,1
225,Arlene,Harvey,arlene.harvey@sakilacustomer.org,1014 Loja Manor,Tamil Nadu,Ambattur,India,66851.0,460796000000.0,t,2006-02-14,1
226,Maureen,Little,maureen.little@sakilacustomer.org,201 Effon-Alaiye Way,Asuncin,Asuncin,Paraguay,64344.0,684193000000.0,t,2006-02-14,1
227,Colleen,Burton,colleen.burton@sakilacustomer.org,430 Alessandria Loop,Saarland,Saarbrcken,Germany,47446.0,669828000000.0,t,2006-02-14,1
228,Allison,Stanley,allison.stanley@sakilacustomer.org,754 Valencia Place,Phnom Penh,Phnom Penh,Cambodia,87911.0,594319000000.0,t,2006-02-14,1
229,Tamara,Nguyen,tamara.nguyen@sakilacustomer.org,356 Olomouc Manor,Gois,Anpolis,Brazil,93323.0,22326400000.0,t,2006-02-14,1
230,Joy,George,joy.george@sakilacustomer.org,1256 Bislig Boulevard,Botosani,Botosani,Romania,50598.0,479007000000.0,t,2006-02-14,1
231,Georgia,Jacobs,georgia.jacobs@sakilacustomer.org,954 Kimchon Place,West Bengali,Uttarpara-Kotrung,India,42420.0,541328000000.0,t,2006-02-14,1
232,Constance,Reid,constance.reid@sakilacustomer.org,885 Yingkou Manor,Kaduna,Zaria,Nigeria,31390.0,588964000000.0,t,2006-02-14,1
233,Lillie,Kim,lillie.kim@sakilacustomer.org,1736 Cavite Place,Qina,Idfu,Egypt,98775.0,431771000000.0,t,2006-02-14,1
234,Claudia,Fuller,claudia.fuller@sakilacustomer.org,346 Skikda Parkway,Hawalli,Jalib al-Shuyukh,Kuwait,90628.0,630424000000.0,t,2006-02-14,1
235,Jackie,Lynch,jackie.lynch@sakilacustomer.org,98 Stara Zagora Boulevard,Valle,Buenaventura,Colombia,76448.0,610174000000.0,t,2006-02-14,1
236,Marcia,Dean,marcia.dean@sakilacustomer.org,1479 Rustenburg Boulevard,Southern Tagalog,Tanza,Philippines,18727.0,727785000000.0,t,2006-02-14,1
237,Tanya,Gilbert,tanya.gilbert@sakilacustomer.org,647 A Corua (La Corua) Street,Chollanam,Naju,South Korea,36971.0,792557000000.0,t,2006-02-14,1
238,Nellie,Garrett,nellie.garrett@sakilacustomer.org,1964 Gijn Manor,Karnataka,Shimoga,India,14408.0,918120000000.0,t,2006-02-14,1
239,Minnie,Romero,minnie.romero@sakilacustomer.org,47 Syktyvkar Lane,West Java,Ciomas,Indonesia,22236.0,63937100000.0,t,2006-02-14,1
240,Marlene,Welch,marlene.welch@sakilacustomer.org,1148 Saarbrcken Parkway,Fukushima,Iwaki,Japan,1921.0,137773000000.0,t,2006-02-14,1
241,Heidi,Larson,heidi.larson@sakilacustomer.org,1103 Bilbays Parkway,Hubei,Xiangfan,China,87660.0,279980000000.0,t,2006-02-14,0
242,Glenda,Frazier,glenda.frazier@sakilacustomer.org,1246 Boksburg Parkway,Hebei,Qinhuangdao,China,28349.0,890284000000.0,t,2006-02-14,1
243,Lydia,Burke,lydia.burke@sakilacustomer.org,1483 Pathankot Street,Tucumn,San Miguel de Tucumn,Argentina,37288.0,686016000000.0,t,2006-02-14,1
244,Viola,Hanson,viola.hanson@sakilacustomer.org,582 Papeete Loop,Central Visayas,Lapu-Lapu,Philippines,27722.0,569869000000.0,t,2006-02-14,1
245,Courtney,Day,courtney.day@sakilacustomer.org,300 Junan Street,Kyonggi,Uijongbu,South Korea,81314.0,890289000000.0,t,2006-02-14,1
246,Marian,Mendoza,marian.mendoza@sakilacustomer.org,829 Grand Prairie Way,Paran,Maring,Brazil,6461.0,741071000000.0,t,2006-02-14,1
247,Stella,Moreno,stella.moreno@sakilacustomer.org,1473 Changhwa Parkway,Mxico,Coacalco de Berriozbal,Mexico,75933.0,266798000000.0,t,2006-02-14,1
248,Caroline,Bowman,caroline.bowman@sakilacustomer.org,1309 Weifang Street,Florida,Tallahassee,United States,57338.0,435785000000.0,t,2006-02-14,1
249,Dora,Medina,dora.medina@sakilacustomer.org,1760 Oshawa Manor,Tianjin,Tianjin,China,38140.0,56257500000.0,t,2006-02-14,1
250,Jo,Fowler,jo.fowler@sakilacustomer.org,786 Stara Zagora Way,Oyo & Osun,Oyo,Nigeria,98332.0,716257000000.0,t,2006-02-14,1
251,Vickie,Brewer,vickie.brewer@sakilacustomer.org,1966 Tonghae Street,Anhalt Sachsen,Halle/Saale,Germany,36481.0,567359000000.0,t,2006-02-14,1
252,Mattie,Hoffman,mattie.hoffman@sakilacustomer.org,1497 Yuzhou Drive,England,London,United Kingdom,3433.0,246810000000.0,t,2006-02-14,1
253,Terry,Carlson,terry.carlson@sakilacustomer.org,752 Ondo Loop,Miyazaki,Miyakonojo,Japan,32474.0,134674000000.0,t,2006-02-14,1
254,Maxine,Silva,maxine.silva@sakilacustomer.org,1338 Zalantun Lane,Minas Gerais,Poos de Caldas,Brazil,45403.0,840523000000.0,t,2006-02-14,1
255,Irma,Pearson,irma.pearson@sakilacustomer.org,127 Iwakuni Boulevard,Central Luzon,Hagonoy,Philippines,20777.0,987443000000.0,t,2006-02-14,1
256,Mabel,Holland,mabel.holland@sakilacustomer.org,51 Laredo Avenue,Sagaing,Monywa,Myanmar,68146.0,884537000000.0,t,2006-02-14,1
257,Marsha,Douglas,marsha.douglas@sakilacustomer.org,771 Yaound Manor,Sofala,Beira,Mozambique,86768.0,245478000000.0,t,2006-02-14,1
258,Myrtle,Fleming,myrtle.fleming@sakilacustomer.org,532 Toulon Street,Santiago,Santiago de los Caballeros,Dominican Republic,69517.0,46871700000.0,t,2006-02-14,1
259,Lena,Jensen,lena.jensen@sakilacustomer.org,1027 Banjul Place,West Bengali,Halisahar,India,50390.0,538241000000.0,t,2006-02-14,1
260,Christy,Vargas,christy.vargas@sakilacustomer.org,1158 Mandi Bahauddin Parkway,Shanxi,Datong,China,98484.0,276556000000.0,t,2006-02-14,1
261,Deanna,Byrd,deanna.byrd@sakilacustomer.org,862 Xintai Lane,Cagayan Valley,Tuguegarao,Philippines,30065.0,265153000000.0,t,2006-02-14,1
262,Patsy,Davidson,patsy.davidson@sakilacustomer.org,816 Cayenne Parkway,Manab,Portoviejo,Ecuador,93629.0,282875000000.0,t,2006-02-14,1
263,Hilda,Hopkins,hilda.hopkins@sakilacustomer.org,1831 Nam Dinh Loop,National Capital Reg,Mandaluyong,Philippines,51990.0,322889000000.0,t,2006-02-14,1
264,Gwendolyn,May,gwendolyn.may@sakilacustomer.org,446 Kirovo-Tepetsk Lane,Osaka,Higashiosaka,Japan,19428.0,303967000000.0,t,2006-02-14,1
265,Jennie,Terry,jennie.terry@sakilacustomer.org,682 Halisahar Place,Severn Morava,Olomouc,Czech Republic,20536.0,475553000000.0,t,2006-02-14,1
266,Nora,Herrera,nora.herrera@sakilacustomer.org,1587 Loja Manor,Salzburg,Salzburg,Austria,5410.0,621625000000.0,t,2006-02-14,1
267,Margie,Wade,margie.wade@sakilacustomer.org,1762 Paarl Parkway,Hunan,Lengshuijiang,China,53928.0,192460000000.0,t,2006-02-14,1
268,Nina,Soto,nina.soto@sakilacustomer.org,1519 Ilorin Place,Kerala,Palghat (Palakkad),India,49298.0,357446000000.0,t,2006-02-14,1
269,Cassandra,Walters,cassandra.walters@sakilacustomer.org,920 Kumbakonam Loop,California,Salinas,United States,75090.0,685011000000.0,t,2006-02-14,1
270,Leah,Curtis,leah.curtis@sakilacustomer.org,906 Goinia Way,Wielkopolskie,Kalisz,Poland,83565.0,701768000000.0,t,2006-02-14,1
271,Penny,Neal,penny.neal@sakilacustomer.org,1675 Xiangfan Manor,Tamil Nadu,Kumbakonam,India,11763.0,271150000000.0,t,2006-02-14,0
272,Kay,Caldwell,kay.caldwell@sakilacustomer.org,85 San Felipe de Puerto Plata Drive,Shandong,Yantai,China,46063.0,170740000000.0,t,2006-02-14,1
273,Priscilla,Lowe,priscilla.lowe@sakilacustomer.org,144 South Hill Loop,Guanajuato,Salamanca,Mexico,2012.0,45387300000.0,t,2006-02-14,1
274,Naomi,Jennings,naomi.jennings@sakilacustomer.org,1884 Shikarpur Avenue,Haryana,Karnal,India,85548.0,959949000000.0,t,2006-02-14,1
275,Carole,Barnett,carole.barnett@sakilacustomer.org,1980 Kamjanets-Podilskyi Street,Illinois,Peoria,United States,89502.0,874337000000.0,t,2006-02-14,1
276,Brandy,Graves,brandy.graves@sakilacustomer.org,1944 Bamenda Way,Michigan,Warren,United States,24645.0,75975200000.0,t,2006-02-14,1
277,Olga,Jimenez,olga.jimenez@sakilacustomer.org,556 Baybay Manor,Oyo & Osun,Ogbomosho,Nigeria,55802.0,363982000000.0,t,2006-02-14,1
278,Billie,Horton,billie.horton@sakilacustomer.org,457 Tongliao Loop,Bursa,Inegl,Turkey,56254.0,880756000000.0,t,2006-02-14,1
279,Dianne,Shelton,dianne.shelton@sakilacustomer.org,600 Bradford Street,East Azerbaidzan,Tabriz,Iran,96204.0,117592000000.0,t,2006-02-14,1
280,Tracey,Barrett,tracey.barrett@sakilacustomer.org,1006 Santa Brbara dOeste Manor,Ondo & Ekiti,Owo,Nigeria,36229.0,85059700000.0,t,2006-02-14,1
281,Leona,Obrien,leona.obrien@sakilacustomer.org,1308 Sumy Loop,Fujian,Fuzhou,China,30657.0,583021000000.0,t,2006-02-14,1
282,Jenny,Castro,jenny.castro@sakilacustomer.org,1405 Chisinau Place,Ponce,Ponce,Puerto Rico,8160.0,62781700000.0,t,2006-02-14,1
283,Felicia,Sutton,felicia.sutton@sakilacustomer.org,226 Halifax Street,Xinxiang,Korla,China,58492.0,790651000000.0,t,2006-02-14,1
284,Sonia,Gregory,sonia.gregory@sakilacustomer.org,1279 Udine Parkway,Edo & Delta,Benin City,Nigeria,75860.0,195004000000.0,t,2006-02-14,1
285,Miriam,Mckinney,miriam.mckinney@sakilacustomer.org,1336 Benin City Drive,Shiga,Otsu,Japan,46044.0,341243000000.0,t,2006-02-14,1
286,Velma,Lucas,velma.lucas@sakilacustomer.org,1155 Liaocheng Place,Oyo & Osun,Effon-Alaiye,Nigeria,22650.0,558236000000.0,t,2006-02-14,1
287,Becky,Miles,becky.miles@sakilacustomer.org,1993 Tabuk Lane,Tamil Nadu,Tambaram,India,64221.0,648482000000.0,t,2006-02-14,1
288,Bobbie,Craig,bobbie.craig@sakilacustomer.org,86 Higashiosaka Lane,Guanajuato,Valle de Santiago,Mexico,33768.0,957129000000.0,t,2006-02-14,1
289,Violet,Rodriquez,violet.rodriquez@sakilacustomer.org,1912 Allende Manor,Kowloon and New Kowl,Kowloon and New Kowloon,Hong Kong,58124.0,172262000000.0,t,2006-02-14,1
290,Kristina,Chambers,kristina.chambers@sakilacustomer.org,544 Tarsus Boulevard,Gurico,Valle de la Pascua,Venezuela,53145.0,892523000.0,t,2006-02-14,1
291,Toni,Holt,toni.holt@sakilacustomer.org,1936 Cuman Avenue,Virginia,Roanoke,United States,61195.0,976799000000.0,t,2006-02-14,1
292,Misty,Lambert,misty.lambert@sakilacustomer.org,1192 Tongliao Street,Sharja,Sharja,United Arab Emirates,19065.0,350971000000.0,t,2006-02-14,1
293,Mae,Fletcher,mae.fletcher@sakilacustomer.org,44 Najafabad Way,Baskimaa,Donostia-San Sebastin,Spain,61391.0,96604800000.0,t,2006-02-14,1
294,Shelly,Watts,shelly.watts@sakilacustomer.org,32 Pudukkottai Lane,Ohio,Dayton,United States,38834.0,967275000000.0,t,2006-02-14,1
295,Daisy,Bates,daisy.bates@sakilacustomer.org,661 Chisinau Lane,Pietari,Kolpino,Russian Federation,8856.0,816436000000.0,t,2006-02-14,1
296,Ramona,Hale,ramona.hale@sakilacustomer.org,951 Stara Zagora Manor,Punjab,Patiala,India,98573.0,429926000000.0,t,2006-02-14,1
297,Sherri,Rhodes,sherri.rhodes@sakilacustomer.org,922 Vila Velha Loop,Maharashtra,Ahmadnagar,India,4085.0,510737000000.0,t,2006-02-14,1
298,Erika,Pena,erika.pena@sakilacustomer.org,898 Jining Lane,Pohjois-Pohjanmaa,Oulu,Finland,40070.0,161643000000.0,t,2006-02-14,1
299,James,Gannon,james.gannon@sakilacustomer.org,1635 Kuwana Boulevard,Hiroshima,Hiroshima,Japan,52137.0,710604000000.0,t,2006-02-14,1
300,John,Farnsworth,john.farnsworth@sakilacustomer.org,41 El Alto Parkway,Maharashtra,Parbhani,India,56883.0,51917800000.0,t,2006-02-14,1
301,Robert,Baughman,robert.baughman@sakilacustomer.org,1883 Maikop Lane,Kaliningrad,Kaliningrad,Russian Federation,68469.0,96110000000.0,t,2006-02-14,1
302,Michael,Silverman,michael.silverman@sakilacustomer.org,1908 Gaziantep Place,Liaoning,Tiefa,China,58979.0,108054000000.0,t,2006-02-14,1
303,William,Satterfield,william.satterfield@sakilacustomer.org,687 Alessandria Parkway,Sanaa,Sanaa,Yemen,57587.0,407219000000.0,t,2006-02-14,1
304,David,Royal,david.royal@sakilacustomer.org,827 Yuncheng Drive,Callao,Callao,Peru,79047.0,504434000000.0,t,2006-02-14,1
305,Richard,Mccrary,richard.mccrary@sakilacustomer.org,913 Coacalco de Berriozbal Loop,Texas,Arlington,United States,42141.0,262088000000.0,t,2006-02-14,1
306,Charles,Kowalski,charles.kowalski@sakilacustomer.org,715 So Bernardo do Campo Lane,Kedah,Sungai Petani,Malaysia,84804.0,181179000000.0,t,2006-02-14,1
307,Joseph,Joy,joseph.joy@sakilacustomer.org,1354 Siegen Street,Rio de Janeiro,Angra dos Reis,Brazil,80184.0,573442000000.0,t,2006-02-14,1
308,Thomas,Grigsby,thomas.grigsby@sakilacustomer.org,1191 Sungai Petani Boulevard,Missouri,Kansas City,United States,9668.0,983260000000.0,t,2006-02-14,1
309,Christopher,Greco,christopher.greco@sakilacustomer.org,1224 Huejutla de Reyes Boulevard,Lombardia,Brescia,Italy,70923.0,806017000000.0,t,2006-02-14,1
310,Daniel,Cabral,daniel.cabral@sakilacustomer.org,543 Bergamo Avenue,Minas Gerais,Ibirit,Brazil,59686.0,103602000000.0,t,2006-02-14,1
311,Paul,Trout,paul.trout@sakilacustomer.org,746 Joliet Lane,Kursk,Kursk,Russian Federation,94878.0,688485000000.0,t,2006-02-14,1
312,Mark,Rinehart,mark.rinehart@sakilacustomer.org,780 Kimberley Way,Tabuk,Tabuk,Saudi Arabia,17032.0,824397000000.0,t,2006-02-14,1
313,Donald,Mahon,donald.mahon@sakilacustomer.org,1774 Yaound Place,Hubei,Ezhou,China,91400.0,613124000000.0,t,2006-02-14,1
314,George,Linton,george.linton@sakilacustomer.org,1957 Yantai Lane,So Paulo,Sorocaba,Brazil,59255.0,704948000000.0,t,2006-02-14,1
315,Kenneth,Gooden,kenneth.gooden@sakilacustomer.org,1542 Lubumbashi Boulevard,Tel Aviv,Bat Yam,Israel,62472.0,508800000000.0,t,2006-02-14,0
316,Steven,Curley,steven.curley@sakilacustomer.org,651 Pathankot Loop,Maharashtra,Miraj,India,59811.0,139378000000.0,t,2006-02-14,1
317,Edward,Baugh,edward.baugh@sakilacustomer.org,1359 Zhoushan Parkway,Streymoyar,Trshavn,Faroe Islands,29763.0,46568000000.0,t,2006-02-14,1
318,Brian,Wyman,brian.wyman@sakilacustomer.org,1769 Iwaki Lane,Kujawsko-Pomorskie,Bydgoszcz,Poland,25787.0,556101000000.0,t,2006-02-14,1
319,Ronald,Weiner,ronald.weiner@sakilacustomer.org,1145 Vilnius Manor,Mxico,San Felipe del Progreso,Mexico,73170.0,674806000000.0,t,2006-02-14,1
320,Anthony,Schwab,anthony.schwab@sakilacustomer.org,1892 Nabereznyje Telny Lane,Tutuila,Tafuna,American Samoa,28396.0,478230000000.0,t,2006-02-14,1
321,Kevin,Schuler,kevin.schuler@sakilacustomer.org,470 Boksburg Street,Central,Birgunj,Nepal,97960.0,908030000000.0,t,2006-02-14,1
322,Jason,Morrissey,jason.morrissey@sakilacustomer.org,1427 A Corua (La Corua) Place,Buenos Aires,Baha Blanca,Argentina,85799.0,972575000000.0,t,2006-02-14,1
323,Matthew,Mahan,matthew.mahan@sakilacustomer.org,479 San Felipe del Progreso Avenue,Morelos,Cuautla,Mexico,54949.0,869052000000.0,t,2006-02-14,1
324,Gary,Coy,gary.coy@sakilacustomer.org,867 Benin City Avenue,Henan,Yuzhou,China,78543.0,168885000000.0,t,2006-02-14,1
325,Timothy,Bunn,timothy.bunn@sakilacustomer.org,981 Kumbakonam Place,Distrito Federal,Braslia,Brazil,87611.0,829116000000.0,t,2006-02-14,1
326,Jose,Andrew,jose.andrew@sakilacustomer.org,1016 Iwakuni Street,St George,Kingstown,Saint Vincent and the Grenadines,49833.0,961371000000.0,t,2006-02-14,1
327,Larry,Thrasher,larry.thrasher@sakilacustomer.org,663 Baha Blanca Parkway,Adana,Adana,Turkey,33463.0,834419000000.0,t,2006-02-14,1
328,Jeffrey,Spear,jeffrey.spear@sakilacustomer.org,1860 Taguig Loop,West Java,Ciparay,Indonesia,59550.0,38158400000.0,t,2006-02-14,1
329,Frank,Waggoner,frank.waggoner@sakilacustomer.org,1816 Bydgoszcz Loop,Dhaka,Jamalpur,Bangladesh,64308.0,965274000000.0,t,2006-02-14,1
330,Scott,Shelley,scott.shelley@sakilacustomer.org,587 Benguela Manor,Illinois,Aurora,United States,91590.0,165451000000.0,t,2006-02-14,1
331,Eric,Robert,eric.robert@sakilacustomer.org,430 Kumbakonam Drive,Santa F,Santa F,Argentina,28814.0,105471000000.0,t,2006-02-14,1
332,Stephen,Qualls,stephen.qualls@sakilacustomer.org,1838 Tabriz Lane,Dhaka,Dhaka,Bangladesh,1195.0,38988700000.0,t,2006-02-14,1
333,Andrew,Purdy,andrew.purdy@sakilacustomer.org,431 Szkesfehrvr Avenue,Baki,Baku,Azerbaijan,57828.0,119501000000.0,t,2006-02-14,1
334,Raymond,Mcwhorter,raymond.mcwhorter@sakilacustomer.org,503 Sogamoso Loop,Sumqayit,Sumqayit,Azerbaijan,49812.0,834627000000.0,t,2006-02-14,1
335,Gregory,Mauldin,gregory.mauldin@sakilacustomer.org,507 Smolensk Loop,Sousse,Sousse,Tunisia,22971.0,80303200000.0,t,2006-02-14,1
336,Joshua,Mark,joshua.mark@sakilacustomer.org,1920 Weifang Avenue,Uttar Pradesh,Rampur,India,15643.0,869508000000.0,t,2006-02-14,1
337,Jerry,Jordon,jerry.jordon@sakilacustomer.org,124 al-Manama Way,Hiroshima,Onomichi,Japan,52368.0,647899000000.0,t,2006-02-14,1
338,Dennis,Gilman,dennis.gilman@sakilacustomer.org,1443 Mardan Street,Western Cape,Paarl,South Africa,31483.0,231383000000.0,t,2006-02-14,1
339,Walter,Perryman,walter.perryman@sakilacustomer.org,1909 Benguela Lane,Henan,Xinxiang,China,19913.0,624138000000.0,t,2006-02-14,1
340,Patrick,Newsom,patrick.newsom@sakilacustomer.org,68 Ponce Parkway,Hanoi,Hanoi,Vietnam,85926.0,870635000000.0,t,2006-02-14,1
341,Peter,Menard,peter.menard@sakilacustomer.org,1217 Konotop Avenue,Gelderland,Ede,Netherlands,504.0,718917000000.0,t,2006-02-14,1
342,Harold,Martino,harold.martino@sakilacustomer.org,1293 Nam Dinh Way,Roraima,Boa Vista,Brazil,71583.0,697656000000.0,t,2006-02-14,1
343,Douglas,Graf,douglas.graf@sakilacustomer.org,785 Vaduz Street,Baja California,Mexicali,Mexico,36170.0,895617000000.0,t,2006-02-14,1
344,Henry,Billingsley,henry.billingsley@sakilacustomer.org,1516 Escobar Drive,Tongatapu,Nukualofa,Tonga,46069.0,64536100000.0,t,2006-02-14,1
345,Carl,Artis,carl.artis@sakilacustomer.org,1628 Nagareyama Lane,Central,San Lorenzo,Paraguay,60079.0,20064300000.0,t,2006-02-14,1
346,Arthur,Simpkins,arthur.simpkins@sakilacustomer.org,1157 Nyeri Loop,Adygea,Maikop,Russian Federation,56380.0,262745000000.0,t,2006-02-14,1
347,Ryan,Salisbury,ryan.salisbury@sakilacustomer.org,1673 Tangail Drive,Daugavpils,Daugavpils,Latvia,26857.0,627924000000.0,t,2006-02-14,1
348,Roger,Quintanilla,roger.quintanilla@sakilacustomer.org,381 Kabul Way,Taipei,Hsichuh,Taiwan,87272.0,55477300000.0,t,2006-02-14,1
349,Joe,Gilliland,joe.gilliland@sakilacustomer.org,953 Hodeida Street,Southern Tagalog,Imus,Philippines,18841.0,53912800000.0,t,2006-02-14,1
350,Juan,Fraley,juan.fraley@sakilacustomer.org,469 Nakhon Sawan Street,Tuvassia,Teboksary,Russian Federation,58866.0,689200000000.0,t,2006-02-14,1
351,Jack,Foust,jack.foust@sakilacustomer.org,1378 Beira Loop,Krasnojarsk,Zeleznogorsk,Russian Federation,40792.0,840958000000.0,t,2006-02-14,1
352,Albert,Crouse,albert.crouse@sakilacustomer.org,1641 Changhwa Place,Nord-Ouest,Bamenda,Cameroon,37636.0,256546000000.0,t,2006-02-14,1
353,Jonathan,Scarborough,jonathan.scarborough@sakilacustomer.org,1698 Southport Loop,Hidalgo,Pachuca de Soto,Mexico,49009.0,754358000000.0,t,2006-02-14,1
354,Justin,Ngo,justin.ngo@sakilacustomer.org,519 Nyeri Manor,So Paulo,Santo Andr,Brazil,37650.0,764681000000.0,t,2006-02-14,1
355,Terry,Grissom,terry.grissom@sakilacustomer.org,619 Hunuco Avenue,Shimane,Matsue,Japan,81508.0,142596000000.0,t,2006-02-14,1
356,Gerald,Fultz,gerald.fultz@sakilacustomer.org,45 Aparecida de Goinia Place,Madhya Pradesh,Satna,India,7431.0,650497000000.0,t,2006-02-14,1
357,Keith,Rico,keith.rico@sakilacustomer.org,482 Kowloon and New Kowloon Manor,Bratislava,Bratislava,Slovakia,97056.0,738968000000.0,t,2006-02-14,1
358,Samuel,Marlow,samuel.marlow@sakilacustomer.org,604 Bern Place,Jharkhand,Ranchi,India,5373.0,620719000000.0,t,2006-02-14,1
359,Willie,Markham,willie.markham@sakilacustomer.org,1623 Kingstown Drive,Buenos Aires,Almirante Brown,Argentina,91299.0,296395000000.0,t,2006-02-14,1
360,Ralph,Madrigal,ralph.madrigal@sakilacustomer.org,1009 Zanzibar Lane,Arecibo,Arecibo,Puerto Rico,64875.0,102396000000.0,t,2006-02-14,1
361,Lawrence,Lawton,lawrence.lawton@sakilacustomer.org,114 Jalib al-Shuyukh Manor,Centre,Yaound,Cameroon,60440.0,845379000000.0,t,2006-02-14,1
362,Nicholas,Barfield,nicholas.barfield@sakilacustomer.org,1163 London Parkway,Par,Belm,Brazil,6066.0,675120000000.0,t,2006-02-14,1
363,Roy,Whiting,roy.whiting@sakilacustomer.org,1658 Jastrzebie-Zdrj Loop,Central,Nyeri,Kenya,96584.0,568368000000.0,t,2006-02-14,1
364,Benjamin,Varney,benjamin.varney@sakilacustomer.org,817 Laredo Avenue,Jalisco,Guadalajara,Mexico,77449.0,151250000000.0,t,2006-02-14,1
365,Bruce,Schwarz,bruce.schwarz@sakilacustomer.org,1565 Tangail Manor,Okinawa,Okinawa,Japan,45750.0,634445000000.0,t,2006-02-14,1
366,Brandon,Huey,brandon.huey@sakilacustomer.org,1912 Emeishan Drive,Balikesir,Balikesir,Turkey,33050.0,99883500000.0,t,2006-02-14,1
367,Adam,Gooch,adam.gooch@sakilacustomer.org,230 Urawa Drive,Andhra Pradesh,Adoni,India,2738.0,166898000000.0,t,2006-02-14,1
368,Harry,Arce,harry.arce@sakilacustomer.org,1922 Miraj Way,Esfahan,Najafabad,Iran,13203.0,320471000000.0,t,2006-02-14,0
369,Fred,Wheat,fred.wheat@sakilacustomer.org,433 Florencia Street,Chihuahua,Jurez,Mexico,91330.0,561730000000.0,t,2006-02-14,1
370,Wayne,Truong,wayne.truong@sakilacustomer.org,1049 Matamoros Parkway,Karnataka,Gulbarga,India,69640.0,960505000000.0,t,2006-02-14,1
371,Billy,Poulin,billy.poulin@sakilacustomer.org,1061 Ede Avenue,Southern Tagalog,Cabuyao,Philippines,57810.0,333391000000.0,t,2006-02-14,1
372,Steve,Mackenzie,steve.mackenzie@sakilacustomer.org,154 Oshawa Manor,East Java,Probolinggo,Indonesia,72771.0,440366000000.0,t,2006-02-14,1
373,Louis,Leone,louis.leone@sakilacustomer.org,1191 Tandil Drive,Southern Tagalog,Tanauan,Philippines,6362.0,45554300000.0,t,2006-02-14,1
374,Jeremy,Hurtado,jeremy.hurtado@sakilacustomer.org,1133 Rizhao Avenue,Pernambuco,Vitria de Santo Anto,Brazil,2800.0,600265000000.0,t,2006-02-14,1
375,Aaron,Selby,aaron.selby@sakilacustomer.org,1519 Santiago de los Caballeros Loop,East Kasai,Mwene-Ditu,"""""""Congo""",22025.0,409315000000.0,t,2006-02-14,1
376,Randy,Gaither,randy.gaither@sakilacustomer.org,1618 Olomouc Manor,Kurgan,Kurgan,Russian Federation,26385.0,96846700000.0,t,2006-02-14,1
377,Howard,Fortner,howard.fortner@sakilacustomer.org,220 Hidalgo Drive,Kermanshah,Kermanshah,Iran,45298.0,342721000000.0,t,2006-02-14,1
378,Eugene,Culpepper,eugene.culpepper@sakilacustomer.org,686 Donostia-San Sebastin Lane,Guangdong,Shenzhen,China,97390.0,71857600000.0,t,2006-02-14,1
379,Carlos,Coughlin,carlos.coughlin@sakilacustomer.org,97 Mogiljov Lane,Gujarat,Bhavnagar,India,89294.0,924815000000.0,t,2006-02-14,1
380,Russell,Brinson,russell.brinson@sakilacustomer.org,1642 Charlotte Amalie Drive,Slaskie,Tychy,Poland,75442.0,821477000000.0,t,2006-02-14,1
381,Bobby,Boudreau,bobby.boudreau@sakilacustomer.org,1368 Maracabo Boulevard,"""""""""""""",South Hill,Anguilla,32716.0,934352000000.0,t,2006-02-14,1
382,Victor,Barkley,victor.barkley@sakilacustomer.org,401 Sucre Boulevard,New Hampshire,Manchester,United States,25007.0,486396000000.0,t,2006-02-14,1
383,Martin,Bales,martin.bales@sakilacustomer.org,368 Hunuco Boulevard,Namibe,Namibe,Angola,17165.0,106439000000.0,t,2006-02-14,1
384,Ernest,Stepp,ernest.stepp@sakilacustomer.org,500 Lincoln Parkway,Jiangsu,Huaian,China,95509.0,550307000000.0,t,2006-02-14,1
385,Phillip,Holm,phillip.holm@sakilacustomer.org,102 Chapra Drive,Ibaragi,Tama,Japan,14073.0,776032000000.0,t,2006-02-14,1
386,Todd,Tan,todd.tan@sakilacustomer.org,1793 Meixian Place,Hmelnytskyi,Kamjanets-Podilskyi,Ukraine,33535.0,619966000000.0,t,2006-02-14,1
387,Jesse,Schilling,jesse.schilling@sakilacustomer.org,514 Ife Way,Shaba,Lubumbashi,"""""""Congo""",69973.0,900236000000.0,t,2006-02-14,1
388,Craig,Morrell,craig.morrell@sakilacustomer.org,717 Changzhou Lane,Southern Tagalog,Cavite,Philippines,21615.0,426255000000.0,t,2006-02-14,1
389,Alan,Kahn,alan.kahn@sakilacustomer.org,753 Ilorin Avenue,Sichuan,Emeishan,China,3656.0,464511000000.0,t,2006-02-14,1
390,Shawn,Heaton,shawn.heaton@sakilacustomer.org,1337 Mit Ghamr Avenue,Nakhon Sawan,Nakhon Sawan,Thailand,29810.0,175283000000.0,t,2006-02-14,1
391,Clarence,Gamez,clarence.gamez@sakilacustomer.org,767 Pyongyang Drive,Osaka,Izumisano,Japan,83536.0,667736000000.0,t,2006-02-14,1
392,Sean,Douglass,sean.douglass@sakilacustomer.org,614 Pak Kret Street,Addis Abeba,Addis Abeba,Ethiopia,27796.0,47808400000.0,t,2006-02-14,1
393,Philip,Causey,philip.causey@sakilacustomer.org,954 Lapu-Lapu Way,Moskova,Korolev,Russian Federation,8816.0,737229000000.0,t,2006-02-14,1
394,Chris,Brothers,chris.brothers@sakilacustomer.org,331 Bydgoszcz Parkway,Asturia,Gijn,Spain,966.0,537374000000.0,t,2006-02-14,1
395,Johnny,Turpin,johnny.turpin@sakilacustomer.org,1152 Citrus Heights Manor,al-Qadarif,al-Qadarif,Sudan,5239.0,765957000000.0,t,2006-02-14,1
396,Earl,Shanks,earl.shanks@sakilacustomer.org,168 Cianjur Manor,Saitama,Iwatsuki,Japan,73824.0,679095000000.0,t,2006-02-14,1
397,Jimmy,Schrader,jimmy.schrader@sakilacustomer.org,616 Hagonoy Avenue,Krasnojarsk,Atinsk,Russian Federation,46043.0,604178000000.0,t,2006-02-14,1
398,Antonio,Meek,antonio.meek@sakilacustomer.org,1190 0 Place,Rio Grande do Sul,Bag,Brazil,10417.0,841877000000.0,t,2006-02-14,1
399,Danny,Isom,danny.isom@sakilacustomer.org,734 Bchar Place,Punjab,Okara,Pakistan,30586.0,280579000000.0,t,2006-02-14,1
400,Bryan,Hardison,bryan.hardison@sakilacustomer.org,530 Lausanne Lane,Texas,Dallas,United States,11067.0,775235000000.0,t,2006-02-14,1
401,Tony,Carranza,tony.carranza@sakilacustomer.org,454 Patiala Lane,Fukushima,Koriyama,Japan,13496.0,794553000000.0,t,2006-02-14,1
402,Luis,Yanez,luis.yanez@sakilacustomer.org,1346 Mysore Drive,Bretagne,Brest,France,61507.0,516647000000.0,t,2006-02-14,1
403,Mike,Way,mike.way@sakilacustomer.org,990 Etawah Loop,Tamil Nadu,Valparai,India,79940.0,206169000000.0,t,2006-02-14,1
404,Stanley,Scroggins,stanley.scroggins@sakilacustomer.org,1266 Laredo Parkway,Saitama,Omiya,Japan,7664.0,1483370000.0,t,2006-02-14,1
405,Leonard,Schofield,leonard.schofield@sakilacustomer.org,88 Nagaon Manor,Buenos Aires,Tandil,Argentina,86868.0,779461000000.0,t,2006-02-14,1
406,Nathan,Runyon,nathan.runyon@sakilacustomer.org,264 Bhimavaram Manor,St Thomas,Charlotte Amalie,"""""""Virgin Islands""",54749.0,302527000000.0,t,2006-02-14,0
407,Dale,Ratcliff,dale.ratcliff@sakilacustomer.org,1639 Saarbrcken Drive,North West,Rustenburg,South Africa,9827.0,328495000000.0,t,2006-02-14,1
408,Manuel,Murrell,manuel.murrell@sakilacustomer.org,692 Amroha Drive,Northern,Jaffna,Sri Lanka,35575.0,359479000000.0,t,2006-02-14,1
409,Rodney,Moeller,rodney.moeller@sakilacustomer.org,1936 Lapu-Lapu Parkway,Bauchi & Gombe,Deba Habe,Nigeria,7122.0,653437000000.0,t,2006-02-14,1
410,Curtis,Irby,curtis.irby@sakilacustomer.org,432 Garden Grove Street,Ontario,Richmond Hill,Canada,65630.0,615965000000.0,t,2006-02-14,1
411,Norman,Currier,norman.currier@sakilacustomer.org,1445 Carmen Parkway,West Java,Cianjur,Indonesia,70809.0,598912000000.0,t,2006-02-14,1
412,Allen,Butterfield,allen.butterfield@sakilacustomer.org,791 Salinas Street,Punjab,Hoshiarpur,India,40509.0,129953000000.0,t,2006-02-14,1
413,Marvin,Yee,marvin.yee@sakilacustomer.org,126 Acua Parkway,West Bengali,Berhampore (Baharampur),India,58888.0,480040000000.0,t,2006-02-14,1
414,Vincent,Ralston,vincent.ralston@sakilacustomer.org,397 Sunnyvale Avenue,Guanajuato,Allende,Mexico,55566.0,680852000000.0,t,2006-02-14,1
415,Glenn,Pullen,glenn.pullen@sakilacustomer.org,992 Klerksdorp Loop,Utrecht,Amersfoort,Netherlands,33711.0,855290000000.0,t,2006-02-14,1
416,Jeffery,Pinson,jeffery.pinson@sakilacustomer.org,966 Arecibo Loop,Sind,Dadu,Pakistan,94018.0,15273800000.0,t,2006-02-14,1
417,Travis,Estep,travis.estep@sakilacustomer.org,289 Santo Andr Manor,al-Sharqiya,al-Qatif,Saudi Arabia,72410.0,214976000000.0,t,2006-02-14,1
418,Jeff,East,jeff.east@sakilacustomer.org,437 Chungho Drive,Puerto Plata,San Felipe de Puerto Plata,Dominican Republic,59489.0,491271000000.0,t,2006-02-14,1
419,Chad,Carbone,chad.carbone@sakilacustomer.org,1948 Bayugan Parkway,Bihar,Katihar,India,60622.0,987306000000.0,t,2006-02-14,1
420,Jacob,Lance,jacob.lance@sakilacustomer.org,1866 al-Qatif Avenue,California,El Monte,United States,89420.0,546794000000.0,t,2006-02-14,1
421,Lee,Hawks,lee.hawks@sakilacustomer.org,1661 Abha Drive,Tamil Nadu,Pudukkottai,India,14400.0,270457000000.0,t,2006-02-14,1
422,Melvin,Ellington,melvin.ellington@sakilacustomer.org,1557 Cape Coral Parkway,Hubei,Laohekou,China,46875.0,368284000000.0,t,2006-02-14,1
423,Alfred,Casillas,alfred.casillas@sakilacustomer.org,1727 Matamoros Place,Sawhaj,Sawhaj,Egypt,78813.0,129674000000.0,t,2006-02-14,1
424,Kyle,Spurlock,kyle.spurlock@sakilacustomer.org,1269 Botosani Manor,Guangdong,Shanwei,China,47394.0,736517000000.0,t,2006-02-14,1
425,Francis,Sikes,francis.sikes@sakilacustomer.org,355 Vitria de Santo Anto Way,Oaxaca,San Juan Bautista Tuxtepec,Mexico,81758.0,548004000000.0,t,2006-02-14,1
426,Bradley,Motley,bradley.motley@sakilacustomer.org,1596 Acua Parkway,Jharkhand,Purnea (Purnia),India,70425.0,157133000000.0,t,2006-02-14,1
427,Jesus,Mccartney,jesus.mccartney@sakilacustomer.org,259 Ipoh Drive,So Paulo,Guaruj,Brazil,64964.0,419010000000.0,t,2006-02-14,1
428,Herbert,Kruger,herbert.kruger@sakilacustomer.org,1823 Hoshiarpur Lane,Komi,Syktyvkar,Russian Federation,33191.0,307134000000.0,t,2006-02-14,1
429,Frederick,Isbell,frederick.isbell@sakilacustomer.org,1404 Taguig Drive,Okayama,Tsuyama,Japan,87212.0,572069000000.0,t,2006-02-14,1
430,Ray,Houle,ray.houle@sakilacustomer.org,740 Udaipur Lane,Nizni Novgorod,Dzerzinsk,Russian Federation,33505.0,497289000000.0,t,2006-02-14,1
431,Joel,Francisco,joel.francisco@sakilacustomer.org,287 Cuautla Boulevard,Chuquisaca,Sucre,Bolivia,72736.0,82619500000.0,t,2006-02-14,1
432,Edwin,Burk,edwin.burk@sakilacustomer.org,1766 Almirante Brown Street,KwaZulu-Natal,Newcastle,South Africa,63104.0,617568000000.0,t,2006-02-14,1
433,Don,Bone,don.bone@sakilacustomer.org,596 Huixquilucan Place,Nampula,Naala-Porto,Mozambique,65892.0,342709000000.0,t,2006-02-14,1
434,Eddie,Tomlin,eddie.tomlin@sakilacustomer.org,1351 Aparecida de Goinia Parkway,Northern Mindanao,Ozamis,Philippines,41775.0,959835000000.0,t,2006-02-14,1
435,Ricky,Shelby,ricky.shelby@sakilacustomer.org,722 Bradford Lane,Shandong,Junan,China,90920.0,746251000000.0,t,2006-02-14,1
436,Troy,Quigley,troy.quigley@sakilacustomer.org,983 Santa F Way,British Colombia,Vancouver,Canada,47472.0,145720000000.0,t,2006-02-14,1
437,Randall,Neumann,randall.neumann@sakilacustomer.org,1245 Ibirit Way,La Romana,La Romana,Dominican Republic,40926.0,331889000000.0,t,2006-02-14,1
438,Barry,Lovelace,barry.lovelace@sakilacustomer.org,1836 Korla Parkway,Copperbelt,Kitwe,Zambia,55405.0,689682000000.0,t,2006-02-14,1
439,Alexander,Fennell,alexander.fennell@sakilacustomer.org,231 Kaliningrad Place,Lombardia,Bergamo,Italy,57833.0,575081000000.0,t,2006-02-14,1
440,Bernard,Colby,bernard.colby@sakilacustomer.org,495 Bhimavaram Lane,Maharashtra,Dhule (Dhulia),India,3.0,82088900000.0,t,2006-02-14,1
441,Mario,Cheatham,mario.cheatham@sakilacustomer.org,1924 Shimonoseki Drive,Batna,Batna,Algeria,52625.0,406784000000.0,t,2006-02-14,1
442,Leroy,Bustamante,leroy.bustamante@sakilacustomer.org,105 Dzerzinsk Manor,Inner Mongolia,Tongliao,China,48570.0,240776000000.0,t,2006-02-14,1
443,Francisco,Skidmore,francisco.skidmore@sakilacustomer.org,614 Denizli Parkway,Rio Grande do Sul,So Leopoldo,Brazil,29444.0,876492000000.0,t,2006-02-14,1
444,Marcus,Hidalgo,marcus.hidalgo@sakilacustomer.org,1289 Belm Boulevard,Tartumaa,Tartu,Estonia,88306.0,237369000000.0,t,2006-02-14,1
445,Micheal,Forman,micheal.forman@sakilacustomer.org,203 Tambaram Street,Buenos Aires,Escobar,Argentina,73942.0,411550000000.0,t,2006-02-14,1
446,Theodore,Culp,theodore.culp@sakilacustomer.org,1704 Tambaram Manor,West Bengali,Uluberia,India,2834.0,39463600000.0,t,2006-02-14,0
447,Clifford,Bowens,clifford.bowens@sakilacustomer.org,207 Cuernavaca Loop,Tatarstan,Nabereznyje Telny,Russian Federation,52671.0,782900000000.0,t,2006-02-14,1
448,Miguel,Betancourt,miguel.betancourt@sakilacustomer.org,319 Springs Loop,Baijeri,Erlangen,Germany,99552.0,72524500000.0,t,2006-02-14,1
449,Oscar,Aquino,oscar.aquino@sakilacustomer.org,956 Nam Dinh Manor,Kerman,Sirjan,Iran,21872.0,474048000000.0,t,2006-02-14,1
450,Jay,Robb,jay.robb@sakilacustomer.org,1947 Paarl Way,Central Java,Surakarta,Indonesia,23636.0,834061000000.0,t,2006-02-14,1
451,Jim,Rea,jim.rea@sakilacustomer.org,814 Simferopol Loop,Sinaloa,El Fuerte,Mexico,48745.0,524567000000.0,t,2006-02-14,1
452,Tom,Milner,tom.milner@sakilacustomer.org,535 Ahmadnagar Manor,Abu Dhabi,Abu Dhabi,United Arab Emirates,41136.0,985110000000.0,t,2006-02-14,1
453,Calvin,Martel,calvin.martel@sakilacustomer.org,138 Caracas Boulevard,Zulia,Maracabo,Venezuela,16790.0,974433000000.0,t,2006-02-14,1
454,Alex,Gresham,alex.gresham@sakilacustomer.org,251 Florencia Drive,Michoacn de Ocampo,Uruapan,Mexico,16119.0,118012000000.0,t,2006-02-14,1
455,Jon,Wiles,jon.wiles@sakilacustomer.org,659 Gatineau Boulevard,La Paz,El Alto,Bolivia,28587.0,205525000000.0,t,2006-02-14,1
456,Ronnie,Ricketts,ronnie.ricketts@sakilacustomer.org,1889 Valparai Way,Ziguinchor,Ziguinchor,Senegal,75559.0,670371000000.0,t,2006-02-14,1
457,Bill,Gavin,bill.gavin@sakilacustomer.org,1485 Bratislava Place,Illinois,Rockford,United States,83183.0,924664000000.0,t,2006-02-14,1
458,Lloyd,Dowd,lloyd.dowd@sakilacustomer.org,935 Aden Boulevard,Central Java,Tegal,Indonesia,64709.0,335053000000.0,t,2006-02-14,1
459,Tommy,Collazo,tommy.collazo@sakilacustomer.org,76 Kermanshah Manor,Esfahan,Qomsheh,Iran,23343.0,762362000000.0,t,2006-02-14,1
460,Leon,Bostic,leon.bostic@sakilacustomer.org,734 Tanshui Avenue,Caquet,Florencia,Colombia,70664.0,366777000000.0,t,2006-02-14,1
461,Derek,Blakely,derek.blakely@sakilacustomer.org,118 Jaffna Loop,Northern Mindanao,Gingoog,Philippines,10447.0,325527000000.0,t,2006-02-14,1
462,Warren,Sherrod,warren.sherrod@sakilacustomer.org,1621 Tongliao Avenue,Irkutsk,Usolje-Sibirskoje,Russian Federation,22173.0,209343000000.0,t,2006-02-14,1
463,Darrell,Power,darrell.power@sakilacustomer.org,1844 Usak Avenue,Nova Scotia,Halifax,Canada,84461.0,164415000000.0,t,2006-02-14,1
464,Jerome,Kenyon,jerome.kenyon@sakilacustomer.org,1872 Toulon Loop,OHiggins,Rancagua,Chile,7939.0,928809000000.0,t,2006-02-14,1
465,Floyd,Gandy,floyd.gandy@sakilacustomer.org,1088 Ibirit Place,Jalisco,Zapopan,Mexico,88502.0,49084300000.0,t,2006-02-14,1
466,Leo,Ebert,leo.ebert@sakilacustomer.org,1322 Mosul Parkway,Shandong,Dongying,China,95400.0,268054000000.0,t,2006-02-14,1
467,Alvin,Deloach,alvin.deloach@sakilacustomer.org,1447 Chatsworth Place,Chihuahua,Cuauhtmoc,Mexico,41545.0,769370000000.0,t,2006-02-14,1
468,Tim,Cary,tim.cary@sakilacustomer.org,1257 Guadalajara Street,Karnataka,Bijapur,India,33599.0,195338000000.0,t,2006-02-14,1
469,Wesley,Bull,wesley.bull@sakilacustomer.org,1469 Plock Lane,Galicia,Ourense (Orense),Spain,95835.0,622885000000.0,t,2006-02-14,1
470,Gordon,Allard,gordon.allard@sakilacustomer.org,434 Ourense (Orense) Manor,Hodeida,Hodeida,Yemen,14122.0,562370000000.0,t,2006-02-14,1
471,Dean,Sauer,dean.sauer@sakilacustomer.org,270 Tambaram Parkway,Gauteng,Johannesburg,South Africa,9668.0,248447000000.0,t,2006-02-14,1
472,Greg,Robins,greg.robins@sakilacustomer.org,1786 Salinas Place,Nam Ha,Nam Dinh,Vietnam,66546.0,206061000000.0,t,2006-02-14,1
473,Jorge,Olivares,jorge.olivares@sakilacustomer.org,1078 Stara Zagora Drive,Aceh,Lhokseumawe,Indonesia,69221.0,932993000000.0,t,2006-02-14,1
474,Dustin,Gillette,dustin.gillette@sakilacustomer.org,1854 Okara Boulevard,Drenthe,Emmen,Netherlands,42123.0,131913000000.0,t,2006-02-14,1
475,Pedro,Chestnut,pedro.chestnut@sakilacustomer.org,421 Yaound Street,Sumy,ostka,Ukraine,11363.0,726876000000.0,t,2006-02-14,1
476,Derrick,Bourque,derrick.bourque@sakilacustomer.org,1153 Allende Way,Qubec,Gatineau,Canada,20336.0,856872000000.0,t,2006-02-14,1
477,Dan,Paine,dan.paine@sakilacustomer.org,808 Naala-Porto Parkway,England,Stockport,United Kingdom,41060.0,553452000000.0,t,2006-02-14,1
478,Lewis,Lyman,lewis.lyman@sakilacustomer.org,632 Usolje-Sibirskoje Parkway,Ha Darom,Ashqelon,Israel,73085.0,667649000000.0,t,2006-02-14,1
479,Zachary,Hite,zachary.hite@sakilacustomer.org,98 Pyongyang Boulevard,Ohio,Akron,United States,88749.0,191958000000.0,t,2006-02-14,1
480,Corey,Hauser,corey.hauser@sakilacustomer.org,984 Novoterkassk Loop,Gaziantep,Gaziantep,Turkey,28165.0,435119000000.0,t,2006-02-14,1
481,Herman,Devore,herman.devore@sakilacustomer.org,64 Korla Street,Mwanza,Mwanza,Tanzania,25145.0,510383000000.0,t,2006-02-14,1
482,Maurice,Crawley,maurice.crawley@sakilacustomer.org,1785 So Bernardo do Campo Street,Veracruz,Coatzacoalcos,Mexico,71182.0,684529000000.0,t,2006-02-14,0
483,Vernon,Chapa,vernon.chapa@sakilacustomer.org,698 Jelets Boulevard,Denizli,Denizli,Turkey,2596.0,975186000000.0,t,2006-02-14,1
484,Roberto,Vu,roberto.vu@sakilacustomer.org,1297 Alvorada Parkway,Ningxia,Yinchuan,China,11839.0,508349000000.0,t,2006-02-14,1
485,Clyde,Tobias,clyde.tobias@sakilacustomer.org,1909 Dayton Avenue,Guangdong,Shaoguan,China,88513.0,702955000000.0,t,2006-02-14,1
486,Glen,Talbert,glen.talbert@sakilacustomer.org,1789 Saint-Denis Parkway,Coahuila de Zaragoza,Acua,Mexico,8268.0,936807000000.0,t,2006-02-14,1
487,Hector,Poindexter,hector.poindexter@sakilacustomer.org,185 Mannheim Lane,Stavropol,Pjatigorsk,Russian Federation,23661.0,589378000000.0,t,2006-02-14,1
488,Shane,Millard,shane.millard@sakilacustomer.org,184 Mandaluyong Street,Baja California Sur,La Paz,Mexico,94239.0,488425000000.0,t,2006-02-14,1
489,Ricardo,Meador,ricardo.meador@sakilacustomer.org,591 Sungai Petani Drive,Okayama,Okayama,Japan,46400.0,37247300000.0,t,2006-02-14,1
490,Sam,Mcduffie,sam.mcduffie@sakilacustomer.org,656 Matamoros Drive,Boyac,Sogamoso,Colombia,19489.0,17305800000.0,t,2006-02-14,1
491,Rick,Mattox,rick.mattox@sakilacustomer.org,775 ostka Drive,al-Daqahliya,Mit Ghamr,Egypt,22358.0,171973000000.0,t,2006-02-14,1
492,Lester,Kraus,lester.kraus@sakilacustomer.org,1013 Tabuk Boulevard,West Bengali,Kanchrapara,India,96203.0,158400000000.0,t,2006-02-14,1
493,Brent,Harkins,brent.harkins@sakilacustomer.org,319 Plock Parkway,Istanbul,Sultanbeyli,Turkey,26101.0,854260000000.0,t,2006-02-14,1
494,Ramon,Choate,ramon.choate@sakilacustomer.org,1954 Kowloon and New Kowloon Way,Chimborazo,Robamba,Ecuador,63667.0,898559000000.0,t,2006-02-14,1
495,Charlie,Bess,charlie.bess@sakilacustomer.org,362 Rajkot Lane,Gansu,Baiyin,China,98030.0,962020000000.0,t,2006-02-14,1
496,Tyler,Wren,tyler.wren@sakilacustomer.org,1060 Tandil Lane,Shandong,Rizhao,China,72349.0,211256000000.0,t,2006-02-14,1
497,Gilbert,Sledge,gilbert.sledge@sakilacustomer.org,1515 Korla Way,England,York,United Kingdom,57197.0,959468000000.0,t,2006-02-14,1
498,Gene,Sanborn,gene.sanborn@sakilacustomer.org,1416 San Juan Bautista Tuxtepec Avenue,Zufar,Salala,Oman,50592.0,144207000000.0,t,2006-02-14,1
499,Marc,Outlaw,marc.outlaw@sakilacustomer.org,1 Valle de Santiago Avenue,Apulia,Brindisi,Italy,86208.0,465898000000.0,t,2006-02-14,1
500,Reginald,Kinder,reginald.kinder@sakilacustomer.org,519 Brescia Parkway,East Java,Madiun,Indonesia,69504.0,793997000000.0,t,2006-02-14,1
501,Ruben,Geary,ruben.geary@sakilacustomer.org,414 Mandaluyong Street,Lubelskie,Lublin,Poland,16370.0,52709200000.0,t,2006-02-14,1
502,Brett,Cornwell,brett.cornwell@sakilacustomer.org,1197 Sokoto Boulevard,West Bengali,Siliguri (Shiliguri),India,87687.0,868603000000.0,t,2006-02-14,1
503,Angel,Barclay,angel.barclay@sakilacustomer.org,496 Celaya Drive,Nagano,Ueda,Japan,90797.0,759587000000.0,t,2006-02-14,1
504,Nathaniel,Adam,nathaniel.adam@sakilacustomer.org,786 Matsue Way,Illinois,Joliet,United States,37469.0,111177000000.0,t,2006-02-14,1
505,Rafael,Abney,rafael.abney@sakilacustomer.org,48 Maracabo Place,Central Luzon,Talavera,Philippines,1570.0,82671800000.0,t,2006-02-14,1
506,Leslie,Seward,leslie.seward@sakilacustomer.org,1152 al-Qatif Lane,Kalimantan Barat,Pontianak,Indonesia,44816.0,131371000000.0,t,2006-02-14,1
507,Edgar,Rhoads,edgar.rhoads@sakilacustomer.org,1269 Ipoh Avenue,Eskisehir,Eskisehir,Turkey,54674.0,402630000000.0,t,2006-02-14,1
508,Milton,Howland,milton.howland@sakilacustomer.org,758 Korolev Parkway,Andhra Pradesh,Vijayawada,India,75474.0,441628000000.0,t,2006-02-14,1
509,Raul,Fortier,raul.fortier@sakilacustomer.org,1747 Rustenburg Place,Bihar,Chapra,India,51369.0,442674000000.0,t,2006-02-14,1
510,Ben,Easter,ben.easter@sakilacustomer.org,886 Tonghae Place,Volgograd,Kamyin,Russian Federation,19450.0,711928000000.0,t,2006-02-14,0
511,Chester,Benner,chester.benner@sakilacustomer.org,1574 Goinia Boulevard,Heilongjiang,Suihua,China,39529.0,59634300000.0,t,2006-02-14,1
512,Cecil,Vines,cecil.vines@sakilacustomer.org,548 Uruapan Street,Ontario,London,United Kingdom,35653.0,879347000000.0,t,2006-02-14,1
513,Duane,Tubbs,duane.tubbs@sakilacustomer.org,962 Tama Loop,"""""""""""""",Yangor,Nauru,65952.0,282668000000.0,t,2006-02-14,1
514,Franklin,Troutman,franklin.troutman@sakilacustomer.org,1778 Gijn Manor,Hubei,Zaoyang,China,35156.0,288911000000.0,t,2006-02-14,1
515,Andre,Rapp,andre.rapp@sakilacustomer.org,568 Dhule (Dhulia) Loop,Coquimbo,Coquimbo,Chile,92568.0,602101000000.0,t,2006-02-14,1
516,Elmer,Noe,elmer.noe@sakilacustomer.org,1768 Udine Loop,Battambang,Battambang,Cambodia,32347.0,448877000000.0,t,2006-02-14,1
517,Brad,Mccurdy,brad.mccurdy@sakilacustomer.org,608 Birgunj Parkway,Taipei,Chungho,Taiwan,400.0,627426000000.0,t,2006-02-14,1
518,Gabriel,Harder,gabriel.harder@sakilacustomer.org,680 A Corua (La Corua) Manor,Sivas,Sivas,Turkey,49806.0,158326000000.0,t,2006-02-14,1
519,Ron,Deluca,ron.deluca@sakilacustomer.org,1949 Sanya Street,Gumma,Isesaki,Japan,61244.0,132101000000.0,t,2006-02-14,1
520,Mitchell,Westmoreland,mitchell.westmoreland@sakilacustomer.org,617 Klerksdorp Place,Khanh Hoa,Nha Trang,Vietnam,94707.0,574973000000.0,t,2006-02-14,1
521,Roland,South,roland.south@sakilacustomer.org,1993 0 Loop,Liaoning,Yingkou,China,41214.0,25865500000.0,t,2006-02-14,1
522,Arnold,Havens,arnold.havens@sakilacustomer.org,1176 Southend-on-Sea Manor,Southern Tagalog,Santa Rosa,Philippines,81651.0,236679000000.0,t,2006-02-14,1
523,Harvey,Guajardo,harvey.guajardo@sakilacustomer.org,600 Purnea (Purnia) Avenue,Nghe An,Vinh,Vietnam,18043.0,638410000000.0,t,2006-02-14,1
525,Adrian,Clary,adrian.clary@sakilacustomer.org,1986 Sivas Place,Friuli-Venezia Giuli,Udine,Italy,95775.0,182059000000.0,t,2006-02-14,1
526,Karl,Seal,karl.seal@sakilacustomer.org,1427 Tabuk Place,Florida,Cape Coral,United States,31342.0,214757000000.0,t,2006-02-14,1
527,Cory,Meehan,cory.meehan@sakilacustomer.org,556 Asuncin Way,Mogiljov,Mogiljov,Belarus,35364.0,338244000000.0,t,2006-02-14,1
528,Claude,Herzog,claude.herzog@sakilacustomer.org,486 Ondo Parkway,Benguela,Benguela,Angola,35202.0,105882000000.0,t,2006-02-14,1
529,Erik,Guillen,erik.guillen@sakilacustomer.org,635 Brest Manor,Andhra Pradesh,Bhimavaram,India,40899.0,80593200000.0,t,2006-02-14,1
530,Darryl,Ashcraft,darryl.ashcraft@sakilacustomer.org,166 Jinchang Street,Buenos Aires,Ezeiza,Argentina,86760.0,717566000000.0,t,2006-02-14,1
531,Jamie,Waugh,jamie.waugh@sakilacustomer.org,958 Sagamihara Lane,Mie,Kuwana,Japan,88408.0,427275000000.0,t,2006-02-14,1
532,Neil,Renner,neil.renner@sakilacustomer.org,1817 Livorno Way,Khanh Hoa,Cam Ranh,Vietnam,79401.0,478380000000.0,t,2006-02-14,1
533,Jessie,Milam,jessie.milam@sakilacustomer.org,1332 Gaziantep Lane,Shandong,Binzhou,China,22813.0,383353000000.0,t,2006-02-14,1
534,Christian,Jung,christian.jung@sakilacustomer.org,949 Allende Lane,Uttar Pradesh,Amroha,India,67521.0,122981000000.0,t,2006-02-14,0
535,Javier,Elrod,javier.elrod@sakilacustomer.org,195 Ilorin Street,Chari-Baguirmi,NDjamna,Chad,49250.0,8912940000.0,t,2006-02-14,1
536,Fernando,Churchill,fernando.churchill@sakilacustomer.org,193 Bhusawal Place,Kang-won,Tonghae,South Korea,9750.0,745268000000.0,t,2006-02-14,1
537,Clinton,Buford,clinton.buford@sakilacustomer.org,43 Vilnius Manor,Colorado,Aurora,United States,79814.0,484500000000.0,t,2006-02-14,1
538,Ted,Breaux,ted.breaux@sakilacustomer.org,183 Haiphong Street,Jilin,Baicheng,China,69953.0,488600000000.0,t,2006-02-14,1
539,Mathew,Bolin,mathew.bolin@sakilacustomer.org,163 Augusta-Richmond County Loop,Carabobo,Valencia,Venezuela,33030.0,754579000000.0,t,2006-02-14,1
540,Tyrone,Asher,tyrone.asher@sakilacustomer.org,191 Jos Azueta Parkway,Ruse,Ruse,Bulgaria,13629.0,932157000000.0,t,2006-02-14,1
541,Darren,Windham,darren.windham@sakilacustomer.org,379 Lublin Parkway,Toscana,Livorno,Italy,74568.0,921960000000.0,t,2006-02-14,1
542,Lonnie,Tirado,lonnie.tirado@sakilacustomer.org,1658 Cuman Loop,Sumatera Selatan,Pangkal Pinang,Indonesia,51309.0,784907000000.0,t,2006-02-14,1
543,Lance,Pemberton,lance.pemberton@sakilacustomer.org,454 Qinhuangdao Drive,Tadla-Azilal,Beni-Mellal,Morocco,25866.0,786270000000.0,t,2006-02-14,1
544,Cody,Nolen,cody.nolen@sakilacustomer.org,1715 Okayama Street,So Paulo,So Bernardo do Campo,Brazil,55676.0,169353000000.0,t,2006-02-14,1
545,Julio,Noland,julio.noland@sakilacustomer.org,182 Nukualofa Drive,Sumy,Konotop,Ukraine,15414.0,426346000000.0,t,2006-02-14,1
546,Kelly,Knott,kelly.knott@sakilacustomer.org,390 Wroclaw Way,Hainan,Sanya,China,5753.0,357593000000.0,t,2006-02-14,1
547,Kurt,Emmons,kurt.emmons@sakilacustomer.org,1421 Quilmes Lane,Ishikawa,Kanazawa,Japan,19151.0,135408000000.0,t,2006-02-14,1
548,Allan,Cornish,allan.cornish@sakilacustomer.org,947 Trshavn Place,Central Luzon,Tarlac,Philippines,841.0,50898400000.0,t,2006-02-14,1
549,Nelson,Christenson,nelson.christenson@sakilacustomer.org,1764 Jalib al-Shuyukh Parkway,Galicia,Santiago de Compostela,Spain,77642.0,84794500000.0,t,2006-02-14,1
550,Guy,Brownlee,guy.brownlee@sakilacustomer.org,346 Cam Ranh Avenue,Zhejiang,Zhoushan,China,39976.0,978431000000.0,t,2006-02-14,1
551,Clayton,Barbee,clayton.barbee@sakilacustomer.org,1407 Pachuca de Soto Place,Rio Grande do Sul,Alvorada,Brazil,26284.0,380078000000.0,t,2006-02-14,1
552,Hugh,Waldrop,hugh.waldrop@sakilacustomer.org,904 Clarksville Drive,Zhejiang,Haining,China,52234.0,955349000000.0,t,2006-02-14,1
553,Max,Pitt,max.pitt@sakilacustomer.org,1917 Kumbakonam Parkway,Vojvodina,Novi Sad,Yugoslavia,11892.0,698183000000.0,t,2006-02-14,1
554,Dwayne,Olvera,dwayne.olvera@sakilacustomer.org,1447 Imus Place,Gujarat,Rajkot,India,12905.0,62127800000.0,t,2006-02-14,1
555,Dwight,Lombardi,dwight.lombardi@sakilacustomer.org,1497 Fengshan Drive,KwaZulu-Natal,Chatsworth,South Africa,63022.0,368738000000.0,t,2006-02-14,1
556,Armando,Gruber,armando.gruber@sakilacustomer.org,869 Shikarpur Way,England,Southport,United Kingdom,57380.0,590764000000.0,t,2006-02-14,1
557,Felix,Gaffney,felix.gaffney@sakilacustomer.org,1059 Yuncheng Avenue,Vilna,Vilnius,Lithuania,47498.0,107093000000.0,t,2006-02-14,1
558,Jimmie,Eggleston,jimmie.eggleston@sakilacustomer.org,505 Madiun Boulevard,Dolnoslaskie,Wroclaw,Poland,97271.0,970639000000.0,t,2006-02-14,0
559,Everett,Banda,everett.banda@sakilacustomer.org,1741 Hoshiarpur Boulevard,al-Sharqiya,Bilbays,Egypt,22372.0,855066000000.0,t,2006-02-14,1
560,Jordan,Archuleta,jordan.archuleta@sakilacustomer.org,1229 Varanasi (Benares) Manor,Buenos Aires,Avellaneda,Argentina,40195.0,817740000000.0,t,2006-02-14,1
561,Ian,Still,ian.still@sakilacustomer.org,1894 Boa Vista Way,Texas,Garland,United States,77464.0,239358000000.0,t,2006-02-14,1
562,Wallace,Slone,wallace.slone@sakilacustomer.org,1342 Sharja Way,Sokoto & Kebbi & Zam,Sokoto,Nigeria,93655.0,946114000000.0,t,2006-02-14,1
563,Ken,Prewitt,ken.prewitt@sakilacustomer.org,1342 Abha Boulevard,Bukarest,Bucuresti,Romania,10714.0,997454000000.0,t,2006-02-14,1
564,Bob,Pfeiffer,bob.pfeiffer@sakilacustomer.org,415 Pune Avenue,Shandong,Xintai,China,44274.0,203202000000.0,t,2006-02-14,1
565,Jaime,Nettles,jaime.nettles@sakilacustomer.org,1746 Faaa Way,Huanuco,Hunuco,Peru,32515.0,863081000000.0,t,2006-02-14,1
566,Casey,Mena,casey.mena@sakilacustomer.org,539 Hami Way,Tokat,Tokat,Turkey,52196.0,525518000000.0,t,2006-02-14,1
567,Alfredo,Mcadams,alfredo.mcadams@sakilacustomer.org,1407 Surakarta Manor,Moskova,Serpuhov,Russian Federation,33224.0,324346000000.0,t,2006-02-14,1
568,Alberto,Henning,alberto.henning@sakilacustomer.org,502 Mandi Bahauddin Parkway,Anzotegui,Barcelona,Venezuela,15992.0,618157000000.0,t,2006-02-14,1
569,Dave,Gardiner,dave.gardiner@sakilacustomer.org,1052 Pathankot Avenue,Sichuan,Leshan,China,77397.0,128499000000.0,t,2006-02-14,1
570,Ivan,Cromwell,ivan.cromwell@sakilacustomer.org,1351 Sousse Lane,Coahuila de Zaragoza,Monclova,Mexico,37815.0,203804000000.0,t,2006-02-14,1
571,Johnnie,Chisholm,johnnie.chisholm@sakilacustomer.org,1501 Pangkal Pinang Avenue,Mazowieckie,Plock,Poland,943.0,770864000000.0,t,2006-02-14,1
572,Sidney,Burleson,sidney.burleson@sakilacustomer.org,1405 Hagonoy Avenue,Slaskie,Czestochowa,Poland,86587.0,867288000000.0,t,2006-02-14,1
573,Byron,Box,byron.box@sakilacustomer.org,521 San Juan Bautista Tuxtepec Place,Qaraghandy,Zhezqazghan,Kazakstan,95093.0,844018000000.0,t,2006-02-14,1
574,Julian,Vest,julian.vest@sakilacustomer.org,923 Tangail Boulevard,Tokyo-to,Akishima,Japan,33384.0,315528000000.0,t,2006-02-14,1
575,Isaac,Oglesby,isaac.oglesby@sakilacustomer.org,186 Skikda Lane,Morelos,Cuernavaca,Mexico,89422.0,14465700000.0,t,2006-02-14,1
576,Morris,Mccarter,morris.mccarter@sakilacustomer.org,1568 Celaya Parkway,Kaohsiung,Fengshan,Taiwan,34750.0,278670000000.0,t,2006-02-14,1
577,Clifton,Malcolm,clifton.malcolm@sakilacustomer.org,1489 Kakamigahara Lane,Taipei,Tanshui,Taiwan,98883.0,29341800000.0,t,2006-02-14,1
578,Willard,Lumpkin,willard.lumpkin@sakilacustomer.org,1819 Alessandria Loop,Campeche,Carmen,Mexico,53829.0,377634000000.0,t,2006-02-14,1
579,Daryl,Larue,daryl.larue@sakilacustomer.org,1208 Tama Loop,Ninawa,Mosul,Iraq,73605.0,954786000000.0,t,2006-02-14,1
580,Ross,Grey,ross.grey@sakilacustomer.org,951 Springs Lane,Central Mindanao,Iligan,Philippines,96115.0,165165000000.0,t,2006-02-14,1
581,Virgil,Wofford,virgil.wofford@sakilacustomer.org,760 Miyakonojo Drive,Guerrero,Jos Azueta,Mexico,64682.0,294449000000.0,t,2006-02-14,1
582,Andy,Vanhorn,andy.vanhorn@sakilacustomer.org,966 Asuncin Way,Hidalgo,Huejutla de Reyes,Mexico,62703.0,995527000000.0,t,2006-02-14,1
583,Marshall,Thorn,marshall.thorn@sakilacustomer.org,1584 Ljubertsy Lane,England,Southampton,United Kingdom,22954.0,285710000000.0,t,2006-02-14,1
584,Salvador,Teel,salvador.teel@sakilacustomer.org,247 Jining Parkway,Banjul,Banjul,Gambia,53446.0,170115000000.0,t,2006-02-14,1
585,Perry,Swafford,perry.swafford@sakilacustomer.org,773 Dallas Manor,Buenos Aires,Quilmes,Argentina,12664.0,914466000000.0,t,2006-02-14,1
586,Kirk,Stclair,kirk.stclair@sakilacustomer.org,1923 Stara Zagora Lane,Nantou,Tsaotun,Taiwan,95179.0,182179000000.0,t,2006-02-14,1
587,Sergio,Stanfield,sergio.stanfield@sakilacustomer.org,1402 Zanzibar Boulevard,Guanajuato,Celaya,Mexico,71102.0,387448000000.0,t,2006-02-14,1
588,Marion,Ocampo,marion.ocampo@sakilacustomer.org,1464 Kursk Parkway,Shandong,Weifang,China,17381.0,338758000000.0,t,2006-02-14,1
589,Tracy,Herrmann,tracy.herrmann@sakilacustomer.org,1074 Sanaa Parkway,Loja,Loja,Ecuador,22474.0,154124000000.0,t,2006-02-14,1
590,Seth,Hannon,seth.hannon@sakilacustomer.org,1759 Niznekamsk Avenue,al-Manama,al-Manama,Bahrain,39414.0,864393000000.0,t,2006-02-14,1
591,Kent,Arsenault,kent.arsenault@sakilacustomer.org,32 Liaocheng Way,Minas Gerais,Juiz de Fora,Brazil,1944.0,410877000000.0,t,2006-02-14,1
592,Terrance,Roush,terrance.roush@sakilacustomer.org,42 Fontana Avenue,Fejr,Szkesfehrvr,Hungary,14684.0,437830000000.0,t,2006-02-14,0
593,Rene,Mcalister,rene.mcalister@sakilacustomer.org,1895 Zhezqazghan Drive,California,Garden Grove,United States,36693.0,137810000000.0,t,2006-02-14,1
594,Eduardo,Hiatt,eduardo.hiatt@sakilacustomer.org,1837 Kaduna Parkway,Inner Mongolia,Jining,China,82580.0,640844000000.0,t,2006-02-14,1
595,Terrence,Gunderson,terrence.gunderson@sakilacustomer.org,844 Bucuresti Place,Liaoning,Jinzhou,China,36603.0,935952000000.0,t,2006-02-14,1
596,Enrique,Forsythe,enrique.forsythe@sakilacustomer.org,1101 Bucuresti Boulevard,West Greece,Patras,Greece,97661.0,199515000000.0,t,2006-02-14,1
597,Freddie,Duggan,freddie.duggan@sakilacustomer.org,1103 Quilmes Boulevard,Piura,Sullana,Peru,52137.0,644021000000.0,t,2006-02-14,1
598,Wade,Delvalle,wade.delvalle@sakilacustomer.org,1331 Usak Boulevard,Vaud,Lausanne,Switzerland,61960.0,145309000000.0,t,2006-02-14,1
599,Austin,Cintron,austin.cintron@sakilacustomer.org,1325 Fukuyama Street,Heilongjiang,Tieli,China,27107.0,288241000000.0,t,2006-02-14,1
